room_id,room_name,building,floor,room_type,capacity,status,department,facilities
ROOM-0001,AR-101,,,,,Active,Artificial Intelligence & Machine Learning,
ROOM-0002,AR-102,,,,,Active,Artificial Intelligence & Machine Learning,
ROOM-0003,AR-103,,,,,Active,Artificial Intelligence & Machine Learning,
ROOM-0004,AR-104,,,,,Active,Artificial Intelligence & Machine Learning,
ROOM-0005,AR-105,,,,,Active,Artificial Intelligence & Machine Learning,
ROOM-0006,AR-106,,,,,Active,Artificial Intelligence & Machine Learning,
ROOM-0007,AR-107,,,,,Active,Artificial Intelligence & Machine Learning,
ROOM-0008,AR-108,,,,,Active,Artificial Intelligence & Machine Learning,
ROOM-0009,AR-109,,,,,Active,Artificial Intelligence & Machine Learning,
ROOM-0010,AR-110,,,,,Active,Artificial Intelligence & Machine Learning,
ROOM-0011,AR-111,,,,,Active,Artificial Intelligence & Machine Learning,
ROOM-0012,AR-112,,,,,Active,Artificial Intelligence & Machine Learning,
ROOM-0013,AR-113,,,,,Active,Artificial Intelligence & Machine Learning,
ROOM-0014,AR-114,,,,,Active,Artificial Intelligence & Machine Learning,
ROOM-0015,AR-115,,,,,Active,Artificial Intelligence & Machine Learning,
ROOM-0016,AR-116,,,,,Active,Artificial Intelligence & Machine Learning,
ROOM-0017,AR-117,,,,,Active,Artificial Intelligence & Machine Learning,
ROOM-0018,AR-118,,,,,Active,Artificial Intelligence & Machine Learning,
ROOM-0019,AR-119,,,,,Active,Artificial Intelligence & Machine Learning,
ROOM-0020,AR-120,,,,,Active,Artificial Intelligence & Machine Learning,
ROOM-0021,AR-122,,,,,Active,Artificial Intelligence & Machine Learning,
ROOM-0022,AR-123,,,,,Active,Artificial Intelligence & Machine Learning,
ROOM-0023,AR-124,,,,,Active,Artificial Intelligence & Machine Learning,
ROOM-0024,AR-125,,,,,Active,Artificial Intelligence & Machine Learning,
ROOM-0025,AR-126,,,,,Active,Artificial Intelligence & Machine Learning,
ROOM-0026,AR-127,,,,,Active,Artificial Intelligence & Machine Learning,
ROOM-0027,AR-128,,,,,Active,Artificial Intelligence & Machine Learning,
ROOM-0028,AR-131,,,,,Active,Artificial Intelligence & Machine Learning,
ROOM-0029,AR-132,,,,,Active,Artificial Intelligence & Machine Learning,
ROOM-0030,AR-133,,,,,Active,Artificial Intelligence & Machine Learning,
ROOM-0031,AR-134,,,,,Active,Artificial Intelligence & Machine Learning,
ROOM-0032,AR-135,,,,,Active,Artificial Intelligence & Machine Learning,
ROOM-0033,AR-136,,,,,Active,Artificial Intelligence & Machine Learning,
ROOM-0034,AR-137,,,,,Active,Artificial Intelligence & Machine Learning,
ROOM-0035,AR-138,,,,,Active,Artificial Intelligence & Machine Learning,
ROOM-0036,AR-139,,,,,Active,Artificial Intelligence & Machine Learning,
ROOM-0037,AR-140,,,,,Active,Artificial Intelligence & Machine Learning,
ROOM-0038,AR-141,,,,,Active,Artificial Intelligence & Machine Learning,
ROOM-0039,AR-142,,,,,Active,Artificial Intelligence & Machine Learning,
ROOM-0040,AR-143,,,,,Active,Artificial Intelligence & Machine Learning,
ROOM-0041,AR-144,,,,,Active,Artificial Intelligence & Machine Learning,
ROOM-0042,AR-145,,,,,Active,Artificial Intelligence & Machine Learning,
ROOM-0043,AR-146,,,,,Active,Artificial Intelligence & Machine Learning,
ROOM-0044,AR-147,,,,,Active,Artificial Intelligence & Machine Learning,
ROOM-0045,AR-148,,,,,Active,Artificial Intelligence & Machine Learning,
ROOM-0046,AR-149,,,,,Active,Artificial Intelligence & Machine Learning,
ROOM-0047,AR-150,,,,,Active,Artificial Intelligence & Machine Learning,
ROOM-0048,AR-151,,,,,Active,Artificial Intelligence & Machine Learning,
ROOM-0049,AR-152,,,,,Active,Artificial Intelligence & Machine Learning,
ROOM-0050,AR-153,,,,,Active,Artificial Intelligence & Machine Learning,
ROOM-0051,AR-154,,,,,Active,Artificial Intelligence & Machine Learning,
ROOM-0052,AR-155,,,,,Active,Artificial Intelligence & Machine Learning,
ROOM-0053,AR-156,,,,,Active,Artificial Intelligence & Machine Learning,
ROOM-0054,AR-157,,,,,Active,Artificial Intelligence & Machine Learning,
ROOM-0055,AR-158,,,,,Active,Artificial Intelligence & Machine Learning,
ROOM-0056,AR-159,,,,,Active,Artificial Intelligence & Machine Learning,
ROOM-0057,AR-160,,,,,Active,Artificial Intelligence & Machine Learning,
ROOM-0058,AR-161,,,,,Active,Artificial Intelligence & Machine Learning,
ROOM-0059,AR-162,,,,,Active,Artificial Intelligence & Machine Learning,
ROOM-0060,AR-163,,,,,Active,Artificial Intelligence & Machine Learning,
ROOM-0061,AR-164,,,,,Active,Artificial Intelligence & Machine Learning,
ROOM-0062,AR-165,,,,,Active,Artificial Intelligence & Machine Learning,
ROOM-0063,AR-166,,,,,Active,Artificial Intelligence & Machine Learning,
ROOM-0064,AR-167,,,,,Active,Artificial Intelligence & Machine Learning,
ROOM-0065,AR-168,,,,,Active,Artificial Intelligence & Machine Learning,
ROOM-0066,AR-169,,,,,Active,Artificial Intelligence & Machine Learning,
ROOM-0067,AR-170,,,,,Active,Artificial Intelligence & Machine Learning,
ROOM-0068,AR-171,,,,,Active,Artificial Intelligence & Machine Learning,
ROOM-0069,AR-173,,,,,Active,Artificial Intelligence & Machine Learning,
ROOM-0070,AR-174,,,,,Active,Artificial Intelligence & Machine Learning,
ROOM-0071,AR-176,,,,,Active,Artificial Intelligence & Machine Learning,
ROOM-0072,AR-177,,,,,Active,Artificial Intelligence & Machine Learning,
ROOM-0073,AR-178,,,,,Active,Artificial Intelligence & Machine Learning,
ROOM-0074,AR-179,,,,,Active,Artificial Intelligence & Machine Learning,
ROOM-0075,AR-180,,,,,Active,Artificial Intelligence & Machine Learning,
ROOM-0076,AR-181,,,,,Active,Artificial Intelligence & Machine Learning,
ROOM-0077,AR-182,,,,,Active,Artificial Intelligence & Machine Learning,
ROOM-0078,AR-183,,,,,Active,Artificial Intelligence & Machine Learning,
ROOM-0079,AR-184,,,,,Active,Artificial Intelligence & Machine Learning,
ROOM-0080,AR-185,,,,,Active,Artificial Intelligence & Machine Learning,
ROOM-0081,AR-187,,,,,Active,Artificial Intelligence & Machine Learning,
ROOM-0082,AR-188,,,,,Active,Artificial Intelligence & Machine Learning,
ROOM-0083,AR-189,,,,,Active,Artificial Intelligence & Machine Learning,
ROOM-0084,AR-190,,,,,Active,Artificial Intelligence & Machine Learning,
ROOM-0085,AR-192,,,,,Active,Artificial Intelligence & Machine Learning,
ROOM-0086,AR-193,,,,,Active,Artificial Intelligence & Machine Learning,
ROOM-0087,AR-194,,,,,Active,Artificial Intelligence & Machine Learning,
ROOM-0088,AR-195,,,,,Active,Artificial Intelligence & Machine Learning,
ROOM-0089,AR-196,,,,,Active,Artificial Intelligence & Machine Learning,
ROOM-0090,AR-197,,,,,Active,Artificial Intelligence & Machine Learning,
ROOM-0091,AR-198,,,,,Active,Artificial Intelligence & Machine Learning,
ROOM-0092,AR-199,,,,,Active,Artificial Intelligence & Machine Learning,
ROOM-0093,AR-200,,,,,Active,Artificial Intelligence & Machine Learning,
ROOM-0094,AR-201,,,,,Active,Artificial Intelligence & Machine Learning,
ROOM-0095,AR-202,,,,,Active,Artificial Intelligence & Machine Learning,
ROOM-0096,AR-203,,,,,Active,Artificial Intelligence & Machine Learning,
ROOM-0097,AR-204,,,,,Active,Artificial Intelligence & Machine Learning,
ROOM-0098,AR-205,,,,,Active,Artificial Intelligence & Machine Learning,
ROOM-0099,AR-206,,,,,Active,Artificial Intelligence & Machine Learning,
ROOM-0100,AR-207,,,,,Active,Artificial Intelligence & Machine Learning,
ROOM-0101,AR-208,,,,,Active,Artificial Intelligence & Machine Learning,
ROOM-0102,AR-209,,,,,Active,Artificial Intelligence & Machine Learning,
ROOM-0103,AR-210,,,,,Active,Artificial Intelligence & Machine Learning,
ROOM-0104,AR-211,,,,,Active,Artificial Intelligence & Machine Learning,
ROOM-0105,AR-212,,,,,Active,Artificial Intelligence & Machine Learning,
ROOM-0106,AR-213,,,,,Active,Artificial Intelligence & Machine Learning,
ROOM-0107,AR-214,,,,,Active,Artificial Intelligence & Machine Learning,
ROOM-0108,AR-215,,,,,Active,Artificial Intelligence & Machine Learning,
ROOM-0109,AR-216,,,,,Active,Artificial Intelligence & Machine Learning,
ROOM-0110,AR-217,,,,,Active,Artificial Intelligence & Machine Learning,
ROOM-0111,AR-218,,,,,Active,Artificial Intelligence & Machine Learning,
ROOM-0112,AR-219,,,,,Active,Artificial Intelligence & Machine Learning,
ROOM-0113,AR-220,,,,,Active,Artificial Intelligence & Machine Learning,
ROOM-0114,AR-221,,,,,Active,Artificial Intelligence & Machine Learning,
ROOM-0115,AR-222,,,,,Active,Artificial Intelligence & Machine Learning,
ROOM-0116,AR-223,,,,,Active,Artificial Intelligence & Machine Learning,
ROOM-0117,AR-224,,,,,Active,Artificial Intelligence & Machine Learning,
ROOM-0118,AR-225,,,,,Active,Artificial Intelligence & Machine Learning,
ROOM-0119,AR-226,,,,,Active,Artificial Intelligence & Machine Learning,
ROOM-0120,AR-227,,,,,Active,Artificial Intelligence & Machine Learning,
ROOM-0121,AR-228,,,,,Active,Artificial Intelligence & Machine Learning,
ROOM-0122,AR-229,,,,,Active,Artificial Intelligence & Machine Learning,
ROOM-0123,AR-230,,,,,Active,Artificial Intelligence & Machine Learning,
ROOM-0124,AR-231,,,,,Active,Artificial Intelligence & Machine Learning,
ROOM-0125,AR-232,,,,,Active,Artificial Intelligence & Machine Learning,
ROOM-0126,AR-233,,,,,Active,Artificial Intelligence & Machine Learning,
ROOM-0127,AR-234,,,,,Active,Artificial Intelligence & Machine Learning,
ROOM-0128,AR-235,,,,,Active,Artificial Intelligence & Machine Learning,
ROOM-0129,AR-236,,,,,Active,Artificial Intelligence & Machine Learning,
ROOM-0130,AR-237,,,,,Active,Artificial Intelligence & Machine Learning,
ROOM-0131,AR-238,,,,,Active,Artificial Intelligence & Machine Learning,
ROOM-0132,AR-239,,,,,Active,Artificial Intelligence & Machine Learning,
ROOM-0133,AR-240,,,,,Active,Artificial Intelligence & Machine Learning,
ROOM-0134,AR-241,,,,,Active,Artificial Intelligence & Machine Learning,
ROOM-0135,AR-242,,,,,Active,Artificial Intelligence & Machine Learning,
ROOM-0136,AR-243,,,,,Active,Artificial Intelligence & Machine Learning,
ROOM-0137,AR-244,,,,,Active,Artificial Intelligence & Machine Learning,
ROOM-0138,AR-245,,,,,Active,Artificial Intelligence & Machine Learning,
ROOM-0139,AR-246,,,,,Active,Artificial Intelligence & Machine Learning,
ROOM-0140,AR-249,,,,,Active,Artificial Intelligence & Machine Learning,
ROOM-0141,AR-250,,,,,Active,Artificial Intelligence & Machine Learning,
ROOM-0142,AR-251,,,,,Active,Artificial Intelligence & Machine Learning,
ROOM-0143,AR-252,,,,,Active,Artificial Intelligence & Machine Learning,
ROOM-0144,AR-253,,,,,Active,Artificial Intelligence & Machine Learning,
ROOM-0145,AR-254,,,,,Active,Artificial Intelligence & Machine Learning,
ROOM-0146,AR-255,,,,,Active,Artificial Intelligence & Machine Learning,
ROOM-0147,AR-256,,,,,Active,Artificial Intelligence & Machine Learning,
ROOM-0148,AR-257,,,,,Active,Artificial Intelligence & Machine Learning,
ROOM-0149,AR-258,,,,,Active,Artificial Intelligence & Machine Learning,
ROOM-0150,AR-260,,,,,Active,Artificial Intelligence & Machine Learning,
ROOM-0151,AR-261,,,,,Active,Artificial Intelligence & Machine Learning,
ROOM-0152,AR-262,,,,,Active,Artificial Intelligence & Machine Learning,
ROOM-0153,AR-263,,,,,Active,Artificial Intelligence & Machine Learning,
ROOM-0154,AR-264,,,,,Active,Artificial Intelligence & Machine Learning,
ROOM-0155,AR-265,,,,,Active,Artificial Intelligence & Machine Learning,
ROOM-0156,AR-266,,,,,Active,Artificial Intelligence & Machine Learning,
ROOM-0157,AR-267,,,,,Active,Artificial Intelligence & Machine Learning,
ROOM-0158,AR-268,,,,,Active,Artificial Intelligence & Machine Learning,
ROOM-0159,AR-269,,,,,Active,Artificial Intelligence & Machine Learning,
ROOM-0160,AR-270,,,,,Active,Artificial Intelligence & Machine Learning,
ROOM-0161,AR-271,,,,,Active,Artificial Intelligence & Machine Learning,
ROOM-0162,AR-272,,,,,Active,Artificial Intelligence & Machine Learning,
ROOM-0163,AR-273,,,,,Active,Artificial Intelligence & Machine Learning,
ROOM-0164,AR-274,,,,,Active,Artificial Intelligence & Machine Learning,
ROOM-0165,AR-275,,,,,Active,Artificial Intelligence & Machine Learning,
ROOM-0166,AR-276,,,,,Active,Artificial Intelligence & Machine Learning,
ROOM-0167,AR-277,,,,,Active,Artificial Intelligence & Machine Learning,
ROOM-0168,AR-279,,,,,Active,Artificial Intelligence & Machine Learning,
ROOM-0169,AR-280,,,,,Active,Artificial Intelligence & Machine Learning,
ROOM-0170,AR-281,,,,,Active,Artificial Intelligence & Machine Learning,
ROOM-0171,AR-282,,,,,Active,Artificial Intelligence & Machine Learning,
ROOM-0172,AR-283,,,,,Active,Artificial Intelligence & Machine Learning,
ROOM-0173,AR-284,,,,,Active,Artificial Intelligence & Machine Learning,
ROOM-0174,AR-286,,,,,Active,Artificial Intelligence & Machine Learning,
ROOM-0175,AR-287,,,,,Active,Artificial Intelligence & Machine Learning,
ROOM-0176,AR-288,,,,,Active,Artificial Intelligence & Machine Learning,
ROOM-0177,AR-289,,,,,Active,Artificial Intelligence & Machine Learning,
ROOM-0178,AR-290,,,,,Active,Artificial Intelligence & Machine Learning,
ROOM-0179,AR-292,,,,,Active,Artificial Intelligence & Machine Learning,
ROOM-0180,AR-294,,,,,Active,Artificial Intelligence & Machine Learning,
ROOM-0181,AR-295,,,,,Active,Artificial Intelligence & Machine Learning,
ROOM-0182,AR-296,,,,,Active,Artificial Intelligence & Machine Learning,
ROOM-0183,AR-297,,,,,Active,Artificial Intelligence & Machine Learning,
ROOM-0184,AR-298,,,,,Active,Artificial Intelligence & Machine Learning,
ROOM-0185,AR-299,,,,,Active,Artificial Intelligence & Machine Learning,
ROOM-0186,AR-300,,,,,Active,Artificial Intelligence & Machine Learning,
ROOM-0187,AR-301,,,,,Active,Artificial Intelligence & Machine Learning,
ROOM-0188,AR-303,,,,,Active,Artificial Intelligence & Machine Learning,
ROOM-0189,AR-304,,,,,Active,Artificial Intelligence & Machine Learning,
ROOM-0190,AR-305,,,,,Active,Artificial Intelligence & Machine Learning,
ROOM-0191,AR-306,,,,,Active,Artificial Intelligence & Machine Learning,
ROOM-0192,AR-307,,,,,Active,Artificial Intelligence & Machine Learning,
ROOM-0193,AR-308,,,,,Active,Artificial Intelligence & Machine Learning,
ROOM-0194,AR-309,,,,,Active,Artificial Intelligence & Machine Learning,
ROOM-0195,AR-310,,,,,Active,Artificial Intelligence & Machine Learning,
ROOM-0196,AR-311,,,,,Active,Artificial Intelligence & Machine Learning,
ROOM-0197,AR-312,,,,,Active,Artificial Intelligence & Machine Learning,
ROOM-0198,AR-313,,,,,Active,Artificial Intelligence & Machine Learning,
ROOM-0199,AR-314,,,,,Active,Artificial Intelligence & Machine Learning,
ROOM-0200,AR-315,,,,,Active,Artificial Intelligence & Machine Learning,
ROOM-0201,AR-316,,,,,Active,Artificial Intelligence & Machine Learning,
ROOM-0202,AR-317,,,,,Active,Artificial Intelligence & Machine Learning,
ROOM-0203,AR-318,,,,,Active,Artificial Intelligence & Machine Learning,
ROOM-0204,AR-319,,,,,Active,Artificial Intelligence & Machine Learning,
ROOM-0205,AR-320,,,,,Active,Artificial Intelligence & Machine Learning,
ROOM-0206,AU-101,,,,,Active,Automobile Engineering,
ROOM-0207,AU-102,,,,,Active,Automobile Engineering,
ROOM-0208,AU-103,,,,,Active,Automobile Engineering,
ROOM-0209,AU-105,,,,,Active,Automobile Engineering,
ROOM-0210,AU-106,,,,,Active,Automobile Engineering,
ROOM-0211,AU-107,,,,,Active,Automobile Engineering,
ROOM-0212,AU-108,,,,,Active,Automobile Engineering,
ROOM-0213,AU-109,,,,,Active,Automobile Engineering,
ROOM-0214,AU-110,,,,,Active,Automobile Engineering,
ROOM-0215,AU-112,,,,,Active,Automobile Engineering,
ROOM-0216,AU-113,,,,,Active,Automobile Engineering,
ROOM-0217,AU-114,,,,,Active,Automobile Engineering,
ROOM-0218,AU-115,,,,,Active,Automobile Engineering,
ROOM-0219,AU-116,,,,,Active,Automobile Engineering,
ROOM-0220,AU-117,,,,,Active,Automobile Engineering,
ROOM-0221,AU-118,,,,,Active,Automobile Engineering,
ROOM-0222,AU-119,,,,,Active,Automobile Engineering,
ROOM-0223,AU-120,,,,,Active,Automobile Engineering,
ROOM-0224,AU-121,,,,,Active,Automobile Engineering,
ROOM-0225,AU-122,,,,,Active,Automobile Engineering,
ROOM-0226,AU-123,,,,,Active,Automobile Engineering,
ROOM-0227,AU-124,,,,,Active,Automobile Engineering,
ROOM-0228,AU-125,,,,,Active,Automobile Engineering,
ROOM-0229,AU-126,,,,,Active,Automobile Engineering,
ROOM-0230,AU-127,,,,,Active,Automobile Engineering,
ROOM-0231,AU-128,,,,,Active,Automobile Engineering,
ROOM-0232,AU-129,,,,,Active,Automobile Engineering,
ROOM-0233,AU-130,,,,,Active,Automobile Engineering,
ROOM-0234,AU-131,,,,,Active,Automobile Engineering,
ROOM-0235,AU-132,,,,,Active,Automobile Engineering,
ROOM-0236,AU-133,,,,,Active,Automobile Engineering,
ROOM-0237,AU-134,,,,,Active,Automobile Engineering,
ROOM-0238,AU-135,,,,,Active,Automobile Engineering,
ROOM-0239,AU-136,,,,,Active,Automobile Engineering,
ROOM-0240,AU-137,,,,,Active,Automobile Engineering,
ROOM-0241,AU-138,,,,,Active,Automobile Engineering,
ROOM-0242,AU-139,,,,,Active,Automobile Engineering,
ROOM-0243,AU-140,,,,,Active,Automobile Engineering,
ROOM-0244,AU-141,,,,,Active,Automobile Engineering,
ROOM-0245,AU-142,,,,,Active,Automobile Engineering,
ROOM-0246,AU-143,,,,,Active,Automobile Engineering,
ROOM-0247,AU-145,,,,,Active,Automobile Engineering,
ROOM-0248,AU-146,,,,,Active,Automobile Engineering,
ROOM-0249,AU-147,,,,,Active,Automobile Engineering,
ROOM-0250,AU-148,,,,,Active,Automobile Engineering,
ROOM-0251,AU-149,,,,,Active,Automobile Engineering,
ROOM-0252,AU-150,,,,,Active,Automobile Engineering,
ROOM-0253,AU-151,,,,,Active,Automobile Engineering,
ROOM-0254,AU-152,,,,,Active,Automobile Engineering,
ROOM-0255,AU-153,,,,,Active,Automobile Engineering,
ROOM-0256,AU-154,,,,,Active,Automobile Engineering,
ROOM-0257,AU-155,,,,,Active,Automobile Engineering,
ROOM-0258,AU-156,,,,,Active,Automobile Engineering,
ROOM-0259,AU-157,,,,,Active,Automobile Engineering,
ROOM-0260,AU-158,,,,,Active,Automobile Engineering,
ROOM-0261,AU-160,,,,,Active,Automobile Engineering,
ROOM-0262,AU-161,,,,,Active,Automobile Engineering,
ROOM-0263,AU-162,,,,,Active,Automobile Engineering,
ROOM-0264,AU-163,,,,,Active,Automobile Engineering,
ROOM-0265,AU-165,,,,,Active,Automobile Engineering,
ROOM-0266,AU-166,,,,,Active,Automobile Engineering,
ROOM-0267,AU-168,,,,,Active,Automobile Engineering,
ROOM-0268,AU-170,,,,,Active,Automobile Engineering,
ROOM-0269,AU-172,,,,,Active,Automobile Engineering,
ROOM-0270,AU-173,,,,,Active,Automobile Engineering,
ROOM-0271,AU-174,,,,,Active,Automobile Engineering,
ROOM-0272,AU-175,,,,,Active,Automobile Engineering,
ROOM-0273,AU-176,,,,,Active,Automobile Engineering,
ROOM-0274,AU-177,,,,,Active,Automobile Engineering,
ROOM-0275,AU-178,,,,,Active,Automobile Engineering,
ROOM-0276,AU-179,,,,,Active,Automobile Engineering,
ROOM-0277,AU-180,,,,,Active,Automobile Engineering,
ROOM-0278,AU-181,,,,,Active,Automobile Engineering,
ROOM-0279,AU-182,,,,,Active,Automobile Engineering,
ROOM-0280,AU-183,,,,,Active,Automobile Engineering,
ROOM-0281,AU-186,,,,,Active,Automobile Engineering,
ROOM-0282,AU-187,,,,,Active,Automobile Engineering,
ROOM-0283,AU-189,,,,,Active,Automobile Engineering,
ROOM-0284,AU-190,,,,,Active,Automobile Engineering,
ROOM-0285,AU-191,,,,,Active,Automobile Engineering,
ROOM-0286,AU-192,,,,,Active,Automobile Engineering,
ROOM-0287,AU-193,,,,,Active,Automobile Engineering,
ROOM-0288,AU-195,,,,,Active,Automobile Engineering,
ROOM-0289,AU-196,,,,,Active,Automobile Engineering,
ROOM-0290,AU-197,,,,,Active,Automobile Engineering,
ROOM-0291,AU-198,,,,,Active,Automobile Engineering,
ROOM-0292,AU-199,,,,,Active,Automobile Engineering,
ROOM-0293,AU-201,,,,,Active,Automobile Engineering,
ROOM-0294,AU-202,,,,,Active,Automobile Engineering,
ROOM-0295,AU-204,,,,,Active,Automobile Engineering,
ROOM-0296,AU-206,,,,,Active,Automobile Engineering,
ROOM-0297,AU-208,,,,,Active,Automobile Engineering,
ROOM-0298,AU-209,,,,,Active,Automobile Engineering,
ROOM-0299,AU-210,,,,,Active,Automobile Engineering,
ROOM-0300,AU-211,,,,,Active,Automobile Engineering,
ROOM-0301,AU-212,,,,,Active,Automobile Engineering,
ROOM-0302,AU-213,,,,,Active,Automobile Engineering,
ROOM-0303,AU-214,,,,,Active,Automobile Engineering,
ROOM-0304,AU-215,,,,,Active,Automobile Engineering,
ROOM-0305,AU-216,,,,,Active,Automobile Engineering,
ROOM-0306,AU-217,,,,,Active,Automobile Engineering,
ROOM-0307,AU-218,,,,,Active,Automobile Engineering,
ROOM-0308,AU-219,,,,,Active,Automobile Engineering,
ROOM-0309,AU-220,,,,,Active,Automobile Engineering,
ROOM-0310,AU-221,,,,,Active,Automobile Engineering,
ROOM-0311,AU-222,,,,,Active,Automobile Engineering,
ROOM-0312,AU-225,,,,,Active,Automobile Engineering,
ROOM-0313,AU-226,,,,,Active,Automobile Engineering,
ROOM-0314,AU-227,,,,,Active,Automobile Engineering,
ROOM-0315,AU-228,,,,,Active,Automobile Engineering,
ROOM-0316,AU-229,,,,,Active,Automobile Engineering,
ROOM-0317,AU-230,,,,,Active,Automobile Engineering,
ROOM-0318,AU-231,,,,,Active,Automobile Engineering,
ROOM-0319,AU-232,,,,,Active,Automobile Engineering,
ROOM-0320,AU-233,,,,,Active,Automobile Engineering,
ROOM-0321,AU-235,,,,,Active,Automobile Engineering,
ROOM-0322,AU-236,,,,,Active,Automobile Engineering,
ROOM-0323,AU-237,,,,,Active,Automobile Engineering,
ROOM-0324,AU-238,,,,,Active,Automobile Engineering,
ROOM-0325,AU-239,,,,,Active,Automobile Engineering,
ROOM-0326,AU-240,,,,,Active,Automobile Engineering,
ROOM-0327,AU-241,,,,,Active,Automobile Engineering,
ROOM-0328,AU-242,,,,,Active,Automobile Engineering,
ROOM-0329,AU-243,,,,,Active,Automobile Engineering,
ROOM-0330,AU-244,,,,,Active,Automobile Engineering,
ROOM-0331,AU-245,,,,,Active,Automobile Engineering,
ROOM-0332,AU-247,,,,,Active,Automobile Engineering,
ROOM-0333,AU-248,,,,,Active,Automobile Engineering,
ROOM-0334,AU-249,,,,,Active,Automobile Engineering,
ROOM-0335,AU-250,,,,,Active,Automobile Engineering,
ROOM-0336,AU-252,,,,,Active,Automobile Engineering,
ROOM-0337,AU-253,,,,,Active,Automobile Engineering,
ROOM-0338,AU-254,,,,,Active,Automobile Engineering,
ROOM-0339,AU-255,,,,,Active,Automobile Engineering,
ROOM-0340,AU-256,,,,,Active,Automobile Engineering,
ROOM-0341,AU-257,,,,,Active,Automobile Engineering,
ROOM-0342,AU-258,,,,,Active,Automobile Engineering,
ROOM-0343,AU-259,,,,,Active,Automobile Engineering,
ROOM-0344,AU-260,,,,,Active,Automobile Engineering,
ROOM-0345,AU-261,,,,,Active,Automobile Engineering,
ROOM-0346,AU-262,,,,,Active,Automobile Engineering,
ROOM-0347,AU-263,,,,,Active,Automobile Engineering,
ROOM-0348,AU-264,,,,,Active,Automobile Engineering,
ROOM-0349,AU-266,,,,,Active,Automobile Engineering,
ROOM-0350,AU-267,,,,,Active,Automobile Engineering,
ROOM-0351,AU-268,,,,,Active,Automobile Engineering,
ROOM-0352,AU-269,,,,,Active,Automobile Engineering,
ROOM-0353,AU-270,,,,,Active,Automobile Engineering,
ROOM-0354,AU-271,,,,,Active,Automobile Engineering,
ROOM-0355,AU-272,,,,,Active,Automobile Engineering,
ROOM-0356,AU-274,,,,,Active,Automobile Engineering,
ROOM-0357,AU-275,,,,,Active,Automobile Engineering,
ROOM-0358,AU-276,,,,,Active,Automobile Engineering,
ROOM-0359,AU-277,,,,,Active,Automobile Engineering,
ROOM-0360,AU-278,,,,,Active,Automobile Engineering,
ROOM-0361,AU-279,,,,,Active,Automobile Engineering,
ROOM-0362,AU-280,,,,,Active,Automobile Engineering,
ROOM-0363,AU-282,,,,,Active,Automobile Engineering,
ROOM-0364,AU-283,,,,,Active,Automobile Engineering,
ROOM-0365,AU-284,,,,,Active,Automobile Engineering,
ROOM-0366,AU-285,,,,,Active,Automobile Engineering,
ROOM-0367,AU-286,,,,,Active,Automobile Engineering,
ROOM-0368,AU-287,,,,,Active,Automobile Engineering,
ROOM-0369,AU-288,,,,,Active,Automobile Engineering,
ROOM-0370,AU-289,,,,,Active,Automobile Engineering,
ROOM-0371,AU-290,,,,,Active,Automobile Engineering,
ROOM-0372,AU-291,,,,,Active,Automobile Engineering,
ROOM-0373,AU-292,,,,,Active,Automobile Engineering,
ROOM-0374,AU-293,,,,,Active,Automobile Engineering,
ROOM-0375,AU-295,,,,,Active,Automobile Engineering,
ROOM-0376,AU-296,,,,,Active,Automobile Engineering,
ROOM-0377,AU-297,,,,,Active,Automobile Engineering,
ROOM-0378,AU-298,,,,,Active,Automobile Engineering,
ROOM-0379,AU-300,,,,,Active,Automobile Engineering,
ROOM-0380,AU-302,,,,,Active,Automobile Engineering,
ROOM-0381,AU-303,,,,,Active,Automobile Engineering,
ROOM-0382,AU-304,,,,,Active,Automobile Engineering,
ROOM-0383,AU-305,,,,,Active,Automobile Engineering,
ROOM-0384,AU-306,,,,,Active,Automobile Engineering,
ROOM-0385,AU-307,,,,,Active,Automobile Engineering,
ROOM-0386,AU-308,,,,,Active,Automobile Engineering,
ROOM-0387,AU-309,,,,,Active,Automobile Engineering,
ROOM-0388,AU-310,,,,,Active,Automobile Engineering,
ROOM-0389,AU-311,,,,,Active,Automobile Engineering,
ROOM-0390,AU-312,,,,,Active,Automobile Engineering,
ROOM-0391,AU-313,,,,,Active,Automobile Engineering,
ROOM-0392,AU-314,,,,,Active,Automobile Engineering,
ROOM-0393,AU-315,,,,,Active,Automobile Engineering,
ROOM-0394,AU-316,,,,,Active,Automobile Engineering,
ROOM-0395,AU-317,,,,,Active,Automobile Engineering,
ROOM-0396,AU-318,,,,,Active,Automobile Engineering,
ROOM-0397,AU-319,,,,,Active,Automobile Engineering,
ROOM-0398,AU-320,,,,,Active,Automobile Engineering,
ROOM-0399,CI-101,,,,,Active,Civil Engineering,
ROOM-0400,CI-102,,,,,Active,Civil Engineering,
ROOM-0401,CI-103,,,,,Active,Civil Engineering,
ROOM-0402,CI-104,,,,,Active,Civil Engineering,
ROOM-0403,CI-105,,,,,Active,Civil Engineering,
ROOM-0404,CI-106,,,,,Active,Civil Engineering,
ROOM-0405,CI-107,,,,,Active,Civil Engineering,
ROOM-0406,CI-108,,,,,Active,Civil Engineering,
ROOM-0407,CI-109,,,,,Active,Civil Engineering,
ROOM-0408,CI-110,,,,,Active,Civil Engineering,
ROOM-0409,CI-111,,,,,Active,Civil Engineering,
ROOM-0410,CI-112,,,,,Active,Civil Engineering,
ROOM-0411,CI-113,,,,,Active,Civil Engineering,
ROOM-0412,CI-114,,,,,Active,Civil Engineering,
ROOM-0413,CI-115,,,,,Active,Civil Engineering,
ROOM-0414,CI-116,,,,,Active,Civil Engineering,
ROOM-0415,CI-117,,,,,Active,Civil Engineering,
ROOM-0416,CI-118,,,,,Active,Civil Engineering,
ROOM-0417,CI-119,,,,,Active,Civil Engineering,
ROOM-0418,CI-120,,,,,Active,Civil Engineering,
ROOM-0419,CI-121,,,,,Active,Civil Engineering,
ROOM-0420,CI-122,,,,,Active,Civil Engineering,
ROOM-0421,CI-123,,,,,Active,Civil Engineering,
ROOM-0422,CI-124,,,,,Active,Civil Engineering,
ROOM-0423,CI-125,,,,,Active,Civil Engineering,
ROOM-0424,CI-126,,,,,Active,Civil Engineering,
ROOM-0425,CI-127,,,,,Active,Civil Engineering,
ROOM-0426,CI-128,,,,,Active,Civil Engineering,
ROOM-0427,CI-129,,,,,Active,Civil Engineering,
ROOM-0428,CI-130,,,,,Active,Civil Engineering,
ROOM-0429,CI-131,,,,,Active,Civil Engineering,
ROOM-0430,CI-132,,,,,Active,Civil Engineering,
ROOM-0431,CI-133,,,,,Active,Civil Engineering,
ROOM-0432,CI-134,,,,,Active,Civil Engineering,
ROOM-0433,CI-135,,,,,Active,Civil Engineering,
ROOM-0434,CI-136,,,,,Active,Civil Engineering,
ROOM-0435,CI-137,,,,,Active,Civil Engineering,
ROOM-0436,CI-138,,,,,Active,Civil Engineering,
ROOM-0437,CI-139,,,,,Active,Civil Engineering,
ROOM-0438,CI-140,,,,,Active,Civil Engineering,
ROOM-0439,CI-141,,,,,Active,Civil Engineering,
ROOM-0440,CI-142,,,,,Active,Civil Engineering,
ROOM-0441,CI-143,,,,,Active,Civil Engineering,
ROOM-0442,CI-144,,,,,Active,Civil Engineering,
ROOM-0443,CI-145,,,,,Active,Civil Engineering,
ROOM-0444,CI-146,,,,,Active,Civil Engineering,
ROOM-0445,CI-147,,,,,Active,Civil Engineering,
ROOM-0446,CI-148,,,,,Active,Civil Engineering,
ROOM-0447,CI-149,,,,,Active,Civil Engineering,
ROOM-0448,CI-150,,,,,Active,Civil Engineering,
ROOM-0449,CI-151,,,,,Active,Civil Engineering,
ROOM-0450,CI-152,,,,,Active,Civil Engineering,
ROOM-0451,CI-153,,,,,Active,Civil Engineering,
ROOM-0452,CI-154,,,,,Active,Civil Engineering,
ROOM-0453,CI-155,,,,,Active,Civil Engineering,
ROOM-0454,CI-156,,,,,Active,Civil Engineering,
ROOM-0455,CI-157,,,,,Active,Civil Engineering,
ROOM-0456,CI-158,,,,,Active,Civil Engineering,
ROOM-0457,CI-159,,,,,Active,Civil Engineering,
ROOM-0458,CI-160,,,,,Active,Civil Engineering,
ROOM-0459,CI-161,,,,,Active,Civil Engineering,
ROOM-0460,CI-162,,,,,Active,Civil Engineering,
ROOM-0461,CI-163,,,,,Active,Civil Engineering,
ROOM-0462,CI-164,,,,,Active,Civil Engineering,
ROOM-0463,CI-165,,,,,Active,Civil Engineering,
ROOM-0464,CI-166,,,,,Active,Civil Engineering,
ROOM-0465,CI-167,,,,,Active,Civil Engineering,
ROOM-0466,CI-168,,,,,Active,Civil Engineering,
ROOM-0467,CI-169,,,,,Active,Civil Engineering,
ROOM-0468,CI-170,,,,,Active,Civil Engineering,
ROOM-0469,CI-171,,,,,Active,Civil Engineering,
ROOM-0470,CI-172,,,,,Active,Civil Engineering,
ROOM-0471,CI-174,,,,,Active,Civil Engineering,
ROOM-0472,CI-175,,,,,Active,Civil Engineering,
ROOM-0473,CI-176,,,,,Active,Civil Engineering,
ROOM-0474,CI-177,,,,,Active,Civil Engineering,
ROOM-0475,CI-178,,,,,Active,Civil Engineering,
ROOM-0476,CI-179,,,,,Active,Civil Engineering,
ROOM-0477,CI-180,,,,,Active,Civil Engineering,
ROOM-0478,CI-181,,,,,Active,Civil Engineering,
ROOM-0479,CI-182,,,,,Active,Civil Engineering,
ROOM-0480,CI-183,,,,,Active,Civil Engineering,
ROOM-0481,CI-184,,,,,Active,Civil Engineering,
ROOM-0482,CI-185,,,,,Active,Civil Engineering,
ROOM-0483,CI-186,,,,,Active,Civil Engineering,
ROOM-0484,CI-187,,,,,Active,Civil Engineering,
ROOM-0485,CI-188,,,,,Active,Civil Engineering,
ROOM-0486,CI-189,,,,,Active,Civil Engineering,
ROOM-0487,CI-190,,,,,Active,Civil Engineering,
ROOM-0488,CI-191,,,,,Active,Civil Engineering,
ROOM-0489,CI-192,,,,,Active,Civil Engineering,
ROOM-0490,CI-193,,,,,Active,Civil Engineering,
ROOM-0491,CI-194,,,,,Active,Civil Engineering,
ROOM-0492,CI-195,,,,,Active,Civil Engineering,
ROOM-0493,CI-196,,,,,Active,Civil Engineering,
ROOM-0494,CI-197,,,,,Active,Civil Engineering,
ROOM-0495,CI-198,,,,,Active,Civil Engineering,
ROOM-0496,CI-199,,,,,Active,Civil Engineering,
ROOM-0497,CI-200,,,,,Active,Civil Engineering,
ROOM-0498,CI-201,,,,,Active,Civil Engineering,
ROOM-0499,CI-202,,,,,Active,Civil Engineering,
ROOM-0500,CI-203,,,,,Active,Civil Engineering,
ROOM-0501,CI-204,,,,,Active,Civil Engineering,
ROOM-0502,CI-205,,,,,Active,Civil Engineering,
ROOM-0503,CI-206,,,,,Active,Civil Engineering,
ROOM-0504,CI-207,,,,,Active,Civil Engineering,
ROOM-0505,CI-208,,,,,Active,Civil Engineering,
ROOM-0506,CI-209,,,,,Active,Civil Engineering,
ROOM-0507,CI-210,,,,,Active,Civil Engineering,
ROOM-0508,CI-211,,,,,Active,Civil Engineering,
ROOM-0509,CI-212,,,,,Active,Civil Engineering,
ROOM-0510,CI-213,,,,,Active,Civil Engineering,
ROOM-0511,CI-214,,,,,Active,Civil Engineering,
ROOM-0512,CI-215,,,,,Active,Civil Engineering,
ROOM-0513,CI-216,,,,,Active,Civil Engineering,
ROOM-0514,CI-217,,,,,Active,Civil Engineering,
ROOM-0515,CI-218,,,,,Active,Civil Engineering,
ROOM-0516,CI-219,,,,,Active,Civil Engineering,
ROOM-0517,CI-220,,,,,Active,Civil Engineering,
ROOM-0518,CI-221,,,,,Active,Civil Engineering,
ROOM-0519,CI-222,,,,,Active,Civil Engineering,
ROOM-0520,CI-223,,,,,Active,Civil Engineering,
ROOM-0521,CI-224,,,,,Active,Civil Engineering,
ROOM-0522,CI-225,,,,,Active,Civil Engineering,
ROOM-0523,CI-226,,,,,Active,Civil Engineering,
ROOM-0524,CI-227,,,,,Active,Civil Engineering,
ROOM-0525,CI-228,,,,,Active,Civil Engineering,
ROOM-0526,CI-229,,,,,Active,Civil Engineering,
ROOM-0527,CI-230,,,,,Active,Civil Engineering,
ROOM-0528,CI-231,,,,,Active,Civil Engineering,
ROOM-0529,CI-232,,,,,Active,Civil Engineering,
ROOM-0530,CI-233,,,,,Active,Civil Engineering,
ROOM-0531,CI-234,,,,,Active,Civil Engineering,
ROOM-0532,CI-235,,,,,Active,Civil Engineering,
ROOM-0533,CI-236,,,,,Active,Civil Engineering,
ROOM-0534,CI-237,,,,,Active,Civil Engineering,
ROOM-0535,CI-238,,,,,Active,Civil Engineering,
ROOM-0536,CI-239,,,,,Active,Civil Engineering,
ROOM-0537,CI-240,,,,,Active,Civil Engineering,
ROOM-0538,CI-241,,,,,Active,Civil Engineering,
ROOM-0539,CI-242,,,,,Active,Civil Engineering,
ROOM-0540,CI-243,,,,,Active,Civil Engineering,
ROOM-0541,CI-244,,,,,Active,Civil Engineering,
ROOM-0542,CI-245,,,,,Active,Civil Engineering,
ROOM-0543,CI-246,,,,,Active,Civil Engineering,
ROOM-0544,CI-247,,,,,Active,Civil Engineering,
ROOM-0545,CI-248,,,,,Active,Civil Engineering,
ROOM-0546,CI-249,,,,,Active,Civil Engineering,
ROOM-0547,CI-250,,,,,Active,Civil Engineering,
ROOM-0548,CI-251,,,,,Active,Civil Engineering,
ROOM-0549,CI-252,,,,,Active,Civil Engineering,
ROOM-0550,CI-253,,,,,Active,Civil Engineering,
ROOM-0551,CI-254,,,,,Active,Civil Engineering,
ROOM-0552,CI-255,,,,,Active,Civil Engineering,
ROOM-0553,CI-256,,,,,Active,Civil Engineering,
ROOM-0554,CI-257,,,,,Active,Civil Engineering,
ROOM-0555,CI-258,,,,,Active,Civil Engineering,
ROOM-0556,CI-259,,,,,Active,Civil Engineering,
ROOM-0557,CI-260,,,,,Active,Civil Engineering,
ROOM-0558,CI-261,,,,,Active,Civil Engineering,
ROOM-0559,CI-262,,,,,Active,Civil Engineering,
ROOM-0560,CI-263,,,,,Active,Civil Engineering,
ROOM-0561,CI-264,,,,,Active,Civil Engineering,
ROOM-0562,CI-265,,,,,Active,Civil Engineering,
ROOM-0563,CI-266,,,,,Active,Civil Engineering,
ROOM-0564,CI-267,,,,,Active,Civil Engineering,
ROOM-0565,CI-268,,,,,Active,Civil Engineering,
ROOM-0566,CI-269,,,,,Active,Civil Engineering,
ROOM-0567,CI-270,,,,,Active,Civil Engineering,
ROOM-0568,CI-271,,,,,Active,Civil Engineering,
ROOM-0569,CI-272,,,,,Active,Civil Engineering,
ROOM-0570,CI-273,,,,,Active,Civil Engineering,
ROOM-0571,CI-274,,,,,Active,Civil Engineering,
ROOM-0572,CI-275,,,,,Active,Civil Engineering,
ROOM-0573,CI-276,,,,,Active,Civil Engineering,
ROOM-0574,CI-277,,,,,Active,Civil Engineering,
ROOM-0575,CI-278,,,,,Active,Civil Engineering,
ROOM-0576,CI-279,,,,,Active,Civil Engineering,
ROOM-0577,CI-280,,,,,Active,Civil Engineering,
ROOM-0578,CI-281,,,,,Active,Civil Engineering,
ROOM-0579,CI-282,,,,,Active,Civil Engineering,
ROOM-0580,CI-283,,,,,Active,Civil Engineering,
ROOM-0581,CI-284,,,,,Active,Civil Engineering,
ROOM-0582,CI-285,,,,,Active,Civil Engineering,
ROOM-0583,CI-286,,,,,Active,Civil Engineering,
ROOM-0584,CI-287,,,,,Active,Civil Engineering,
ROOM-0585,CI-288,,,,,Active,Civil Engineering,
ROOM-0586,CI-289,,,,,Active,Civil Engineering,
ROOM-0587,CI-290,,,,,Active,Civil Engineering,
ROOM-0588,CI-291,,,,,Active,Civil Engineering,
ROOM-0589,CI-292,,,,,Active,Civil Engineering,
ROOM-0590,CI-293,,,,,Active,Civil Engineering,
ROOM-0591,CI-294,,,,,Active,Civil Engineering,
ROOM-0592,CI-295,,,,,Active,Civil Engineering,
ROOM-0593,CI-296,,,,,Active,Civil Engineering,
ROOM-0594,CI-297,,,,,Active,Civil Engineering,
ROOM-0595,CI-298,,,,,Active,Civil Engineering,
ROOM-0596,CI-299,,,,,Active,Civil Engineering,
ROOM-0597,CI-300,,,,,Active,Civil Engineering,
ROOM-0598,CI-301,,,,,Active,Civil Engineering,
ROOM-0599,CI-302,,,,,Active,Civil Engineering,
ROOM-0600,CI-303,,,,,Active,Civil Engineering,
ROOM-0601,CI-304,,,,,Active,Civil Engineering,
ROOM-0602,CI-305,,,,,Active,Civil Engineering,
ROOM-0603,CI-306,,,,,Active,Civil Engineering,
ROOM-0604,CI-307,,,,,Active,Civil Engineering,
ROOM-0605,CI-308,,,,,Active,Civil Engineering,
ROOM-0606,CI-309,,,,,Active,Civil Engineering,
ROOM-0607,CI-310,,,,,Active,Civil Engineering,
ROOM-0608,CI-311,,,,,Active,Civil Engineering,
ROOM-0609,CI-312,,,,,Active,Civil Engineering,
ROOM-0610,CI-313,,,,,Active,Civil Engineering,
ROOM-0611,CI-314,,,,,Active,Civil Engineering,
ROOM-0612,CI-315,,,,,Active,Civil Engineering,
ROOM-0613,CI-316,,,,,Active,Civil Engineering,
ROOM-0614,CI-317,,,,,Active,Civil Engineering,
ROOM-0615,CI-318,,,,,Active,Civil Engineering,
ROOM-0616,CI-319,,,,,Active,Civil Engineering,
ROOM-0617,CI-320,,,,,Active,Civil Engineering,
ROOM-0618,CO-101,,,,,Active,Computer Applications; Computer Engineering,
ROOM-0619,CO-102,,,,,Active,Computer Applications; Computer Engineering,
ROOM-0620,CO-103,,,,,Active,Computer Applications; Computer Engineering,
ROOM-0621,CO-104,,,,,Active,Computer Applications; Computer Engineering,
ROOM-0622,CO-105,,,,,Active,Computer Applications; Computer Engineering,
ROOM-0623,CO-106,,,,,Active,Computer Applications; Computer Engineering,
ROOM-0624,CO-107,,,,,Active,Computer Applications; Computer Engineering,
ROOM-0625,CO-108,,,,,Active,Computer Applications; Computer Engineering,
ROOM-0626,CO-109,,,,,Active,Computer Applications; Computer Engineering,
ROOM-0627,CO-110,,,,,Active,Computer Applications; Computer Engineering,
ROOM-0628,CO-111,,,,,Active,Computer Applications; Computer Engineering,
ROOM-0629,CO-112,,,,,Active,Computer Applications; Computer Engineering,
ROOM-0630,CO-113,,,,,Active,Computer Applications; Computer Engineering,
ROOM-0631,CO-114,,,,,Active,Computer Applications; Computer Engineering,
ROOM-0632,CO-115,,,,,Active,Computer Applications; Computer Engineering,
ROOM-0633,CO-116,,,,,Active,Computer Applications; Computer Engineering,
ROOM-0634,CO-117,,,,,Active,Computer Applications; Computer Engineering,
ROOM-0635,CO-118,,,,,Active,Computer Applications; Computer Engineering,
ROOM-0636,CO-119,,,,,Active,Computer Applications; Computer Engineering,
ROOM-0637,CO-120,,,,,Active,Computer Applications; Computer Engineering,
ROOM-0638,CO-121,,,,,Active,Computer Applications; Computer Engineering,
ROOM-0639,CO-122,,,,,Active,Computer Applications; Computer Engineering,
ROOM-0640,CO-123,,,,,Active,Computer Engineering,
ROOM-0641,CO-124,,,,,Active,Computer Applications; Computer Engineering,
ROOM-0642,CO-125,,,,,Active,Computer Applications; Computer Engineering,
ROOM-0643,CO-126,,,,,Active,Computer Applications; Computer Engineering,
ROOM-0644,CO-127,,,,,Active,Computer Applications; Computer Engineering,
ROOM-0645,CO-128,,,,,Active,Computer Applications; Computer Engineering,
ROOM-0646,CO-129,,,,,Active,Computer Applications; Computer Engineering,
ROOM-0647,CO-130,,,,,Active,Computer Applications; Computer Engineering,
ROOM-0648,CO-131,,,,,Active,Computer Applications; Computer Engineering,
ROOM-0649,CO-132,,,,,Active,Computer Applications; Computer Engineering,
ROOM-0650,CO-133,,,,,Active,Computer Applications; Computer Engineering,
ROOM-0651,CO-134,,,,,Active,Computer Applications; Computer Engineering,
ROOM-0652,CO-135,,,,,Active,Computer Applications; Computer Engineering,
ROOM-0653,CO-136,,,,,Active,Computer Applications; Computer Engineering,
ROOM-0654,CO-137,,,,,Active,Computer Applications; Computer Engineering,
ROOM-0655,CO-138,,,,,Active,Computer Applications; Computer Engineering,
ROOM-0656,CO-139,,,,,Active,Computer Applications; Computer Engineering,
ROOM-0657,CO-140,,,,,Active,Computer Applications; Computer Engineering,
ROOM-0658,CO-141,,,,,Active,Computer Applications; Computer Engineering,
ROOM-0659,CO-142,,,,,Active,Computer Applications; Computer Engineering,
ROOM-0660,CO-143,,,,,Active,Computer Applications; Computer Engineering,
ROOM-0661,CO-144,,,,,Active,Computer Applications; Computer Engineering,
ROOM-0662,CO-145,,,,,Active,Computer Applications; Computer Engineering,
ROOM-0663,CO-146,,,,,Active,Computer Applications; Computer Engineering,
ROOM-0664,CO-147,,,,,Active,Computer Applications; Computer Engineering,
ROOM-0665,CO-148,,,,,Active,Computer Applications; Computer Engineering,
ROOM-0666,CO-149,,,,,Active,Computer Applications; Computer Engineering,
ROOM-0667,CO-150,,,,,Active,Computer Applications; Computer Engineering,
ROOM-0668,CO-151,,,,,Active,Computer Applications; Computer Engineering,
ROOM-0669,CO-152,,,,,Active,Computer Applications; Computer Engineering,
ROOM-0670,CO-153,,,,,Active,Computer Applications; Computer Engineering,
ROOM-0671,CO-154,,,,,Active,Computer Applications; Computer Engineering,
ROOM-0672,CO-155,,,,,Active,Computer Applications; Computer Engineering,
ROOM-0673,CO-156,,,,,Active,Computer Applications; Computer Engineering,
ROOM-0674,CO-157,,,,,Active,Computer Engineering,
ROOM-0675,CO-158,,,,,Active,Computer Engineering,
ROOM-0676,CO-159,,,,,Active,Computer Applications; Computer Engineering,
ROOM-0677,CO-160,,,,,Active,Computer Applications; Computer Engineering,
ROOM-0678,CO-161,,,,,Active,Computer Engineering,
ROOM-0679,CO-162,,,,,Active,Computer Applications; Computer Engineering,
ROOM-0680,CO-163,,,,,Active,Computer Applications; Computer Engineering,
ROOM-0681,CO-164,,,,,Active,Computer Applications; Computer Engineering,
ROOM-0682,CO-165,,,,,Active,Computer Applications; Computer Engineering,
ROOM-0683,CO-166,,,,,Active,Computer Applications; Computer Engineering,
ROOM-0684,CO-167,,,,,Active,Computer Applications; Computer Engineering,
ROOM-0685,CO-168,,,,,Active,Computer Applications; Computer Engineering,
ROOM-0686,CO-169,,,,,Active,Computer Applications; Computer Engineering,
ROOM-0687,CO-170,,,,,Active,Computer Applications; Computer Engineering,
ROOM-0688,CO-171,,,,,Active,Computer Applications; Computer Engineering,
ROOM-0689,CO-172,,,,,Active,Computer Applications; Computer Engineering,
ROOM-0690,CO-173,,,,,Active,Computer Applications; Computer Engineering,
ROOM-0691,CO-174,,,,,Active,Computer Applications; Computer Engineering,
ROOM-0692,CO-175,,,,,Active,Computer Applications; Computer Engineering,
ROOM-0693,CO-176,,,,,Active,Computer Applications; Computer Engineering,
ROOM-0694,CO-177,,,,,Active,Computer Applications; Computer Engineering,
ROOM-0695,CO-178,,,,,Active,Computer Applications; Computer Engineering,
ROOM-0696,CO-179,,,,,Active,Computer Applications; Computer Engineering,
ROOM-0697,CO-180,,,,,Active,Computer Applications; Computer Engineering,
ROOM-0698,CO-181,,,,,Active,Computer Applications; Computer Engineering,
ROOM-0699,CO-182,,,,,Active,Computer Applications; Computer Engineering,
ROOM-0700,CO-183,,,,,Active,Computer Applications; Computer Engineering,
ROOM-0701,CO-184,,,,,Active,Computer Applications; Computer Engineering,
ROOM-0702,CO-185,,,,,Active,Computer Applications; Computer Engineering,
ROOM-0703,CO-186,,,,,Active,Computer Applications; Computer Engineering,
ROOM-0704,CO-187,,,,,Active,Computer Applications; Computer Engineering,
ROOM-0705,CO-188,,,,,Active,Computer Applications; Computer Engineering,
ROOM-0706,CO-189,,,,,Active,Computer Applications; Computer Engineering,
ROOM-0707,CO-190,,,,,Active,Computer Applications; Computer Engineering,
ROOM-0708,CO-191,,,,,Active,Computer Applications; Computer Engineering,
ROOM-0709,CO-192,,,,,Active,Computer Applications; Computer Engineering,
ROOM-0710,CO-193,,,,,Active,Computer Applications; Computer Engineering,
ROOM-0711,CO-194,,,,,Active,Computer Engineering,
ROOM-0712,CO-195,,,,,Active,Computer Applications; Computer Engineering,
ROOM-0713,CO-196,,,,,Active,Computer Applications; Computer Engineering,
ROOM-0714,CO-197,,,,,Active,Computer Applications; Computer Engineering,
ROOM-0715,CO-198,,,,,Active,Computer Applications; Computer Engineering,
ROOM-0716,CO-199,,,,,Active,Computer Applications; Computer Engineering,
ROOM-0717,CO-200,,,,,Active,Computer Applications; Computer Engineering,
ROOM-0718,CO-201,,,,,Active,Computer Applications; Computer Engineering,
ROOM-0719,CO-202,,,,,Active,Computer Applications; Computer Engineering,
ROOM-0720,CO-203,,,,,Active,Computer Applications; Computer Engineering,
ROOM-0721,CO-204,,,,,Active,Computer Applications,
ROOM-0722,CO-205,,,,,Active,Computer Applications; Computer Engineering,
ROOM-0723,CO-206,,,,,Active,Computer Applications; Computer Engineering,
ROOM-0724,CO-207,,,,,Active,Computer Applications; Computer Engineering,
ROOM-0725,CO-208,,,,,Active,Computer Applications; Computer Engineering,
ROOM-0726,CO-209,,,,,Active,Computer Applications; Computer Engineering,
ROOM-0727,CO-210,,,,,Active,Computer Applications; Computer Engineering,
ROOM-0728,CO-211,,,,,Active,Computer Applications; Computer Engineering,
ROOM-0729,CO-212,,,,,Active,Computer Applications; Computer Engineering,
ROOM-0730,CO-213,,,,,Active,Computer Applications; Computer Engineering,
ROOM-0731,CO-214,,,,,Active,Computer Applications; Computer Engineering,
ROOM-0732,CO-215,,,,,Active,Computer Applications; Computer Engineering,
ROOM-0733,CO-216,,,,,Active,Computer Applications; Computer Engineering,
ROOM-0734,CO-217,,,,,Active,Computer Applications; Computer Engineering,
ROOM-0735,CO-218,,,,,Active,Computer Applications; Computer Engineering,
ROOM-0736,CO-219,,,,,Active,Computer Applications; Computer Engineering,
ROOM-0737,CO-220,,,,,Active,Computer Applications; Computer Engineering,
ROOM-0738,CO-221,,,,,Active,Computer Applications; Computer Engineering,
ROOM-0739,CO-222,,,,,Active,Computer Applications; Computer Engineering,
ROOM-0740,CO-223,,,,,Active,Computer Applications; Computer Engineering,
ROOM-0741,CO-224,,,,,Active,Computer Applications; Computer Engineering,
ROOM-0742,CO-225,,,,,Active,Computer Applications; Computer Engineering,
ROOM-0743,CO-226,,,,,Active,Computer Applications; Computer Engineering,
ROOM-0744,CO-227,,,,,Active,Computer Applications; Computer Engineering,
ROOM-0745,CO-228,,,,,Active,Computer Applications; Computer Engineering,
ROOM-0746,CO-229,,,,,Active,Computer Applications; Computer Engineering,
ROOM-0747,CO-230,,,,,Active,Computer Applications; Computer Engineering,
ROOM-0748,CO-231,,,,,Active,Computer Applications; Computer Engineering,
ROOM-0749,CO-232,,,,,Active,Computer Applications; Computer Engineering,
ROOM-0750,CO-233,,,,,Active,Computer Applications; Computer Engineering,
ROOM-0751,CO-234,,,,,Active,Computer Applications; Computer Engineering,
ROOM-0752,CO-235,,,,,Active,Computer Applications; Computer Engineering,
ROOM-0753,CO-236,,,,,Active,Computer Applications; Computer Engineering,
ROOM-0754,CO-237,,,,,Active,Computer Applications; Computer Engineering,
ROOM-0755,CO-238,,,,,Active,Computer Applications; Computer Engineering,
ROOM-0756,CO-239,,,,,Active,Computer Applications; Computer Engineering,
ROOM-0757,CO-240,,,,,Active,Computer Engineering,
ROOM-0758,CO-241,,,,,Active,Computer Applications; Computer Engineering,
ROOM-0759,CO-242,,,,,Active,Computer Applications; Computer Engineering,
ROOM-0760,CO-243,,,,,Active,Computer Applications; Computer Engineering,
ROOM-0761,CO-244,,,,,Active,Computer Applications; Computer Engineering,
ROOM-0762,CO-245,,,,,Active,Computer Applications; Computer Engineering,
ROOM-0763,CO-246,,,,,Active,Computer Applications; Computer Engineering,
ROOM-0764,CO-247,,,,,Active,Computer Applications; Computer Engineering,
ROOM-0765,CO-248,,,,,Active,Computer Applications; Computer Engineering,
ROOM-0766,CO-249,,,,,Active,Computer Engineering,
ROOM-0767,CO-250,,,,,Active,Computer Applications; Computer Engineering,
ROOM-0768,CO-251,,,,,Active,Computer Applications; Computer Engineering,
ROOM-0769,CO-252,,,,,Active,Computer Applications; Computer Engineering,
ROOM-0770,CO-253,,,,,Active,Computer Applications; Computer Engineering,
ROOM-0771,CO-254,,,,,Active,Computer Applications; Computer Engineering,
ROOM-0772,CO-255,,,,,Active,Computer Applications; Computer Engineering,
ROOM-0773,CO-256,,,,,Active,Computer Applications; Computer Engineering,
ROOM-0774,CO-257,,,,,Active,Computer Applications; Computer Engineering,
ROOM-0775,CO-258,,,,,Active,Computer Applications; Computer Engineering,
ROOM-0776,CO-259,,,,,Active,Computer Applications; Computer Engineering,
ROOM-0777,CO-260,,,,,Active,Computer Applications; Computer Engineering,
ROOM-0778,CO-261,,,,,Active,Computer Applications; Computer Engineering,
ROOM-0779,CO-262,,,,,Active,Computer Applications; Computer Engineering,
ROOM-0780,CO-263,,,,,Active,Computer Applications; Computer Engineering,
ROOM-0781,CO-264,,,,,Active,Computer Applications; Computer Engineering,
ROOM-0782,CO-265,,,,,Active,Computer Applications; Computer Engineering,
ROOM-0783,CO-266,,,,,Active,Computer Applications; Computer Engineering,
ROOM-0784,CO-267,,,,,Active,Computer Applications; Computer Engineering,
ROOM-0785,CO-268,,,,,Active,Computer Applications; Computer Engineering,
ROOM-0786,CO-269,,,,,Active,Computer Applications; Computer Engineering,
ROOM-0787,CO-270,,,,,Active,Computer Applications; Computer Engineering,
ROOM-0788,CO-271,,,,,Active,Computer Applications; Computer Engineering,
ROOM-0789,CO-272,,,,,Active,Computer Applications; Computer Engineering,
ROOM-0790,CO-273,,,,,Active,Computer Applications; Computer Engineering,
ROOM-0791,CO-274,,,,,Active,Computer Applications; Computer Engineering,
ROOM-0792,CO-275,,,,,Active,Computer Applications; Computer Engineering,
ROOM-0793,CO-276,,,,,Active,Computer Applications; Computer Engineering,
ROOM-0794,CO-277,,,,,Active,Computer Applications; Computer Engineering,
ROOM-0795,CO-278,,,,,Active,Computer Applications; Computer Engineering,
ROOM-0796,CO-279,,,,,Active,Computer Engineering,
ROOM-0797,CO-280,,,,,Active,Computer Applications; Computer Engineering,
ROOM-0798,CO-281,,,,,Active,Computer Applications; Computer Engineering,
ROOM-0799,CO-282,,,,,Active,Computer Applications; Computer Engineering,
ROOM-0800,CO-283,,,,,Active,Computer Applications; Computer Engineering,
ROOM-0801,CO-284,,,,,Active,Computer Applications; Computer Engineering,
ROOM-0802,CO-285,,,,,Active,Computer Applications; Computer Engineering,
ROOM-0803,CO-286,,,,,Active,Computer Applications; Computer Engineering,
ROOM-0804,CO-287,,,,,Active,Computer Applications; Computer Engineering,
ROOM-0805,CO-288,,,,,Active,Computer Applications; Computer Engineering,
ROOM-0806,CO-289,,,,,Active,Computer Applications; Computer Engineering,
ROOM-0807,CO-290,,,,,Active,Computer Applications; Computer Engineering,
ROOM-0808,CO-291,,,,,Active,Computer Applications; Computer Engineering,
ROOM-0809,CO-292,,,,,Active,Computer Applications; Computer Engineering,
ROOM-0810,CO-293,,,,,Active,Computer Applications; Computer Engineering,
ROOM-0811,CO-294,,,,,Active,Computer Applications; Computer Engineering,
ROOM-0812,CO-295,,,,,Active,Computer Applications; Computer Engineering,
ROOM-0813,CO-296,,,,,Active,Computer Applications; Computer Engineering,
ROOM-0814,CO-297,,,,,Active,Computer Applications; Computer Engineering,
ROOM-0815,CO-298,,,,,Active,Computer Applications; Computer Engineering,
ROOM-0816,CO-299,,,,,Active,Computer Applications; Computer Engineering,
ROOM-0817,CO-300,,,,,Active,Computer Applications; Computer Engineering,
ROOM-0818,CO-301,,,,,Active,Computer Applications; Computer Engineering,
ROOM-0819,CO-302,,,,,Active,Computer Applications; Computer Engineering,
ROOM-0820,CO-303,,,,,Active,Computer Applications; Computer Engineering,
ROOM-0821,CO-304,,,,,Active,Computer Applications; Computer Engineering,
ROOM-0822,CO-305,,,,,Active,Computer Applications; Computer Engineering,
ROOM-0823,CO-306,,,,,Active,Computer Applications; Computer Engineering,
ROOM-0824,CO-307,,,,,Active,Computer Applications; Computer Engineering,
ROOM-0825,CO-308,,,,,Active,Computer Applications; Computer Engineering,
ROOM-0826,CO-309,,,,,Active,Computer Applications; Computer Engineering,
ROOM-0827,CO-310,,,,,Active,Computer Applications; Computer Engineering,
ROOM-0828,CO-311,,,,,Active,Computer Applications; Computer Engineering,
ROOM-0829,CO-312,,,,,Active,Computer Applications; Computer Engineering,
ROOM-0830,CO-313,,,,,Active,Computer Applications; Computer Engineering,
ROOM-0831,CO-314,,,,,Active,Computer Applications; Computer Engineering,
ROOM-0832,CO-315,,,,,Active,Computer Applications; Computer Engineering,
ROOM-0833,CO-316,,,,,Active,Computer Applications; Computer Engineering,
ROOM-0834,CO-317,,,,,Active,Computer Applications; Computer Engineering,
ROOM-0835,CO-318,,,,,Active,Computer Applications; Computer Engineering,
ROOM-0836,CO-319,,,,,Active,Computer Applications; Computer Engineering,
ROOM-0837,CO-320,,,,,Active,Computer Applications; Computer Engineering,
ROOM-0838,DA-101,,,,,Active,Data Science,
ROOM-0839,DA-102,,,,,Active,Data Science,
ROOM-0840,DA-103,,,,,Active,Data Science,
ROOM-0841,DA-104,,,,,Active,Data Science,
ROOM-0842,DA-105,,,,,Active,Data Science,
ROOM-0843,DA-106,,,,,Active,Data Science,
ROOM-0844,DA-107,,,,,Active,Data Science,
ROOM-0845,DA-108,,,,,Active,Data Science,
ROOM-0846,DA-109,,,,,Active,Data Science,
ROOM-0847,DA-110,,,,,Active,Data Science,
ROOM-0848,DA-111,,,,,Active,Data Science,
ROOM-0849,DA-112,,,,,Active,Data Science,
ROOM-0850,DA-113,,,,,Active,Data Science,
ROOM-0851,DA-114,,,,,Active,Data Science,
ROOM-0852,DA-115,,,,,Active,Data Science,
ROOM-0853,DA-116,,,,,Active,Data Science,
ROOM-0854,DA-117,,,,,Active,Data Science,
ROOM-0855,DA-118,,,,,Active,Data Science,
ROOM-0856,DA-119,,,,,Active,Data Science,
ROOM-0857,DA-120,,,,,Active,Data Science,
ROOM-0858,DA-121,,,,,Active,Data Science,
ROOM-0859,DA-122,,,,,Active,Data Science,
ROOM-0860,DA-123,,,,,Active,Data Science,
ROOM-0861,DA-124,,,,,Active,Data Science,
ROOM-0862,DA-125,,,,,Active,Data Science,
ROOM-0863,DA-126,,,,,Active,Data Science,
ROOM-0864,DA-127,,,,,Active,Data Science,
ROOM-0865,DA-128,,,,,Active,Data Science,
ROOM-0866,DA-129,,,,,Active,Data Science,
ROOM-0867,DA-130,,,,,Active,Data Science,
ROOM-0868,DA-131,,,,,Active,Data Science,
ROOM-0869,DA-132,,,,,Active,Data Science,
ROOM-0870,DA-133,,,,,Active,Data Science,
ROOM-0871,DA-134,,,,,Active,Data Science,
ROOM-0872,DA-135,,,,,Active,Data Science,
ROOM-0873,DA-137,,,,,Active,Data Science,
ROOM-0874,DA-138,,,,,Active,Data Science,
ROOM-0875,DA-139,,,,,Active,Data Science,
ROOM-0876,DA-140,,,,,Active,Data Science,
ROOM-0877,DA-141,,,,,Active,Data Science,
ROOM-0878,DA-142,,,,,Active,Data Science,
ROOM-0879,DA-143,,,,,Active,Data Science,
ROOM-0880,DA-144,,,,,Active,Data Science,
ROOM-0881,DA-145,,,,,Active,Data Science,
ROOM-0882,DA-147,,,,,Active,Data Science,
ROOM-0883,DA-148,,,,,Active,Data Science,
ROOM-0884,DA-149,,,,,Active,Data Science,
ROOM-0885,DA-150,,,,,Active,Data Science,
ROOM-0886,DA-151,,,,,Active,Data Science,
ROOM-0887,DA-152,,,,,Active,Data Science,
ROOM-0888,DA-153,,,,,Active,Data Science,
ROOM-0889,DA-154,,,,,Active,Data Science,
ROOM-0890,DA-155,,,,,Active,Data Science,
ROOM-0891,DA-156,,,,,Active,Data Science,
ROOM-0892,DA-157,,,,,Active,Data Science,
ROOM-0893,DA-158,,,,,Active,Data Science,
ROOM-0894,DA-159,,,,,Active,Data Science,
ROOM-0895,DA-160,,,,,Active,Data Science,
ROOM-0896,DA-161,,,,,Active,Data Science,
ROOM-0897,DA-163,,,,,Active,Data Science,
ROOM-0898,DA-164,,,,,Active,Data Science,
ROOM-0899,DA-165,,,,,Active,Data Science,
ROOM-0900,DA-166,,,,,Active,Data Science,
ROOM-0901,DA-167,,,,,Active,Data Science,
ROOM-0902,DA-168,,,,,Active,Data Science,
ROOM-0903,DA-169,,,,,Active,Data Science,
ROOM-0904,DA-170,,,,,Active,Data Science,
ROOM-0905,DA-171,,,,,Active,Data Science,
ROOM-0906,DA-172,,,,,Active,Data Science,
ROOM-0907,DA-173,,,,,Active,Data Science,
ROOM-0908,DA-174,,,,,Active,Data Science,
ROOM-0909,DA-175,,,,,Active,Data Science,
ROOM-0910,DA-176,,,,,Active,Data Science,
ROOM-0911,DA-177,,,,,Active,Data Science,
ROOM-0912,DA-178,,,,,Active,Data Science,
ROOM-0913,DA-179,,,,,Active,Data Science,
ROOM-0914,DA-180,,,,,Active,Data Science,
ROOM-0915,DA-181,,,,,Active,Data Science,
ROOM-0916,DA-182,,,,,Active,Data Science,
ROOM-0917,DA-183,,,,,Active,Data Science,
ROOM-0918,DA-184,,,,,Active,Data Science,
ROOM-0919,DA-185,,,,,Active,Data Science,
ROOM-0920,DA-186,,,,,Active,Data Science,
ROOM-0921,DA-187,,,,,Active,Data Science,
ROOM-0922,DA-188,,,,,Active,Data Science,
ROOM-0923,DA-189,,,,,Active,Data Science,
ROOM-0924,DA-190,,,,,Active,Data Science,
ROOM-0925,DA-191,,,,,Active,Data Science,
ROOM-0926,DA-192,,,,,Active,Data Science,
ROOM-0927,DA-193,,,,,Active,Data Science,
ROOM-0928,DA-194,,,,,Active,Data Science,
ROOM-0929,DA-195,,,,,Active,Data Science,
ROOM-0930,DA-196,,,,,Active,Data Science,
ROOM-0931,DA-197,,,,,Active,Data Science,
ROOM-0932,DA-198,,,,,Active,Data Science,
ROOM-0933,DA-199,,,,,Active,Data Science,
ROOM-0934,DA-200,,,,,Active,Data Science,
ROOM-0935,DA-201,,,,,Active,Data Science,
ROOM-0936,DA-202,,,,,Active,Data Science,
ROOM-0937,DA-203,,,,,Active,Data Science,
ROOM-0938,DA-204,,,,,Active,Data Science,
ROOM-0939,DA-205,,,,,Active,Data Science,
ROOM-0940,DA-206,,,,,Active,Data Science,
ROOM-0941,DA-207,,,,,Active,Data Science,
ROOM-0942,DA-208,,,,,Active,Data Science,
ROOM-0943,DA-209,,,,,Active,Data Science,
ROOM-0944,DA-210,,,,,Active,Data Science,
ROOM-0945,DA-211,,,,,Active,Data Science,
ROOM-0946,DA-212,,,,,Active,Data Science,
ROOM-0947,DA-213,,,,,Active,Data Science,
ROOM-0948,DA-214,,,,,Active,Data Science,
ROOM-0949,DA-215,,,,,Active,Data Science,
ROOM-0950,DA-216,,,,,Active,Data Science,
ROOM-0951,DA-217,,,,,Active,Data Science,
ROOM-0952,DA-218,,,,,Active,Data Science,
ROOM-0953,DA-219,,,,,Active,Data Science,
ROOM-0954,DA-220,,,,,Active,Data Science,
ROOM-0955,DA-221,,,,,Active,Data Science,
ROOM-0956,DA-222,,,,,Active,Data Science,
ROOM-0957,DA-223,,,,,Active,Data Science,
ROOM-0958,DA-224,,,,,Active,Data Science,
ROOM-0959,DA-225,,,,,Active,Data Science,
ROOM-0960,DA-226,,,,,Active,Data Science,
ROOM-0961,DA-227,,,,,Active,Data Science,
ROOM-0962,DA-228,,,,,Active,Data Science,
ROOM-0963,DA-229,,,,,Active,Data Science,
ROOM-0964,DA-230,,,,,Active,Data Science,
ROOM-0965,DA-231,,,,,Active,Data Science,
ROOM-0966,DA-232,,,,,Active,Data Science,
ROOM-0967,DA-233,,,,,Active,Data Science,
ROOM-0968,DA-234,,,,,Active,Data Science,
ROOM-0969,DA-235,,,,,Active,Data Science,
ROOM-0970,DA-237,,,,,Active,Data Science,
ROOM-0971,DA-238,,,,,Active,Data Science,
ROOM-0972,DA-239,,,,,Active,Data Science,
ROOM-0973,DA-240,,,,,Active,Data Science,
ROOM-0974,DA-241,,,,,Active,Data Science,
ROOM-0975,DA-242,,,,,Active,Data Science,
ROOM-0976,DA-243,,,,,Active,Data Science,
ROOM-0977,DA-244,,,,,Active,Data Science,
ROOM-0978,DA-245,,,,,Active,Data Science,
ROOM-0979,DA-246,,,,,Active,Data Science,
ROOM-0980,DA-247,,,,,Active,Data Science,
ROOM-0981,DA-248,,,,,Active,Data Science,
ROOM-0982,DA-249,,,,,Active,Data Science,
ROOM-0983,DA-250,,,,,Active,Data Science,
ROOM-0984,DA-251,,,,,Active,Data Science,
ROOM-0985,DA-252,,,,,Active,Data Science,
ROOM-0986,DA-253,,,,,Active,Data Science,
ROOM-0987,DA-255,,,,,Active,Data Science,
ROOM-0988,DA-256,,,,,Active,Data Science,
ROOM-0989,DA-257,,,,,Active,Data Science,
ROOM-0990,DA-258,,,,,Active,Data Science,
ROOM-0991,DA-259,,,,,Active,Data Science,
ROOM-0992,DA-260,,,,,Active,Data Science,
ROOM-0993,DA-261,,,,,Active,Data Science,
ROOM-0994,DA-262,,,,,Active,Data Science,
ROOM-0995,DA-263,,,,,Active,Data Science,
ROOM-0996,DA-264,,,,,Active,Data Science,
ROOM-0997,DA-265,,,,,Active,Data Science,
ROOM-0998,DA-266,,,,,Active,Data Science,
ROOM-0999,DA-267,,,,,Active,Data Science,
ROOM-1000,DA-268,,,,,Active,Data Science,
ROOM-1001,DA-269,,,,,Active,Data Science,
ROOM-1002,DA-270,,,,,Active,Data Science,
ROOM-1003,DA-271,,,,,Active,Data Science,
ROOM-1004,DA-272,,,,,Active,Data Science,
ROOM-1005,DA-274,,,,,Active,Data Science,
ROOM-1006,DA-275,,,,,Active,Data Science,
ROOM-1007,DA-277,,,,,Active,Data Science,
ROOM-1008,DA-278,,,,,Active,Data Science,
ROOM-1009,DA-280,,,,,Active,Data Science,
ROOM-1010,DA-281,,,,,Active,Data Science,
ROOM-1011,DA-282,,,,,Active,Data Science,
ROOM-1012,DA-283,,,,,Active,Data Science,
ROOM-1013,DA-284,,,,,Active,Data Science,
ROOM-1014,DA-285,,,,,Active,Data Science,
ROOM-1015,DA-286,,,,,Active,Data Science,
ROOM-1016,DA-287,,,,,Active,Data Science,
ROOM-1017,DA-288,,,,,Active,Data Science,
ROOM-1018,DA-290,,,,,Active,Data Science,
ROOM-1019,DA-291,,,,,Active,Data Science,
ROOM-1020,DA-292,,,,,Active,Data Science,
ROOM-1021,DA-293,,,,,Active,Data Science,
ROOM-1022,DA-294,,,,,Active,Data Science,
ROOM-1023,DA-295,,,,,Active,Data Science,
ROOM-1024,DA-296,,,,,Active,Data Science,
ROOM-1025,DA-297,,,,,Active,Data Science,
ROOM-1026,DA-298,,,,,Active,Data Science,
ROOM-1027,DA-299,,,,,Active,Data Science,
ROOM-1028,DA-300,,,,,Active,Data Science,
ROOM-1029,DA-302,,,,,Active,Data Science,
ROOM-1030,DA-303,,,,,Active,Data Science,
ROOM-1031,DA-304,,,,,Active,Data Science,
ROOM-1032,DA-305,,,,,Active,Data Science,
ROOM-1033,DA-306,,,,,Active,Data Science,
ROOM-1034,DA-307,,,,,Active,Data Science,
ROOM-1035,DA-308,,,,,Active,Data Science,
ROOM-1036,DA-309,,,,,Active,Data Science,
ROOM-1037,DA-310,,,,,Active,Data Science,
ROOM-1038,DA-311,,,,,Active,Data Science,
ROOM-1039,DA-312,,,,,Active,Data Science,
ROOM-1040,DA-314,,,,,Active,Data Science,
ROOM-1041,DA-315,,,,,Active,Data Science,
ROOM-1042,DA-316,,,,,Active,Data Science,
ROOM-1043,DA-317,,,,,Active,Data Science,
ROOM-1044,DA-318,,,,,Active,Data Science,
ROOM-1045,DA-319,,,,,Active,Data Science,
ROOM-1046,DA-320,,,,,Active,Data Science,
ROOM-1047,EL-101,,,,,Active,Electrical Engineering; Electronics & Communication,
ROOM-1048,EL-102,,,,,Active,Electrical Engineering; Electronics & Communication,
ROOM-1049,EL-103,,,,,Active,Electrical Engineering; Electronics & Communication,
ROOM-1050,EL-104,,,,,Active,Electrical Engineering; Electronics & Communication,
ROOM-1051,EL-105,,,,,Active,Electrical Engineering; Electronics & Communication,
ROOM-1052,EL-106,,,,,Active,Electrical Engineering; Electronics & Communication,
ROOM-1053,EL-107,,,,,Active,Electrical Engineering; Electronics & Communication,
ROOM-1054,EL-108,,,,,Active,Electrical Engineering; Electronics & Communication,
ROOM-1055,EL-109,,,,,Active,Electrical Engineering; Electronics & Communication,
ROOM-1056,EL-110,,,,,Active,Electrical Engineering; Electronics & Communication,
ROOM-1057,EL-111,,,,,Active,Electrical Engineering; Electronics & Communication,
ROOM-1058,EL-112,,,,,Active,Electrical Engineering; Electronics & Communication,
ROOM-1059,EL-113,,,,,Active,Electrical Engineering; Electronics & Communication,
ROOM-1060,EL-114,,,,,Active,Electrical Engineering; Electronics & Communication,
ROOM-1061,EL-115,,,,,Active,Electrical Engineering; Electronics & Communication,
ROOM-1062,EL-116,,,,,Active,Electrical Engineering; Electronics & Communication,
ROOM-1063,EL-117,,,,,Active,Electrical Engineering; Electronics & Communication,
ROOM-1064,EL-118,,,,,Active,Electrical Engineering; Electronics & Communication,
ROOM-1065,EL-119,,,,,Active,Electrical Engineering; Electronics & Communication,
ROOM-1066,EL-120,,,,,Active,Electrical Engineering; Electronics & Communication,
ROOM-1067,EL-121,,,,,Active,Electrical Engineering; Electronics & Communication,
ROOM-1068,EL-122,,,,,Active,Electrical Engineering; Electronics & Communication,
ROOM-1069,EL-123,,,,,Active,Electrical Engineering; Electronics & Communication,
ROOM-1070,EL-124,,,,,Active,Electrical Engineering; Electronics & Communication,
ROOM-1071,EL-125,,,,,Active,Electrical Engineering; Electronics & Communication,
ROOM-1072,EL-126,,,,,Active,Electrical Engineering; Electronics & Communication,
ROOM-1073,EL-127,,,,,Active,Electrical Engineering; Electronics & Communication,
ROOM-1074,EL-128,,,,,Active,Electrical Engineering; Electronics & Communication,
ROOM-1075,EL-129,,,,,Active,Electrical Engineering; Electronics & Communication,
ROOM-1076,EL-130,,,,,Active,Electrical Engineering; Electronics & Communication,
ROOM-1077,EL-131,,,,,Active,Electrical Engineering; Electronics & Communication,
ROOM-1078,EL-132,,,,,Active,Electrical Engineering; Electronics & Communication,
ROOM-1079,EL-133,,,,,Active,Electrical Engineering; Electronics & Communication,
ROOM-1080,EL-134,,,,,Active,Electrical Engineering; Electronics & Communication,
ROOM-1081,EL-135,,,,,Active,Electrical Engineering; Electronics & Communication,
ROOM-1082,EL-136,,,,,Active,Electrical Engineering; Electronics & Communication,
ROOM-1083,EL-137,,,,,Active,Electrical Engineering; Electronics & Communication,
ROOM-1084,EL-138,,,,,Active,Electrical Engineering; Electronics & Communication,
ROOM-1085,EL-139,,,,,Active,Electrical Engineering; Electronics & Communication,
ROOM-1086,EL-140,,,,,Active,Electrical Engineering; Electronics & Communication,
ROOM-1087,EL-141,,,,,Active,Electrical Engineering; Electronics & Communication,
ROOM-1088,EL-142,,,,,Active,Electrical Engineering; Electronics & Communication,
ROOM-1089,EL-143,,,,,Active,Electrical Engineering; Electronics & Communication,
ROOM-1090,EL-144,,,,,Active,Electrical Engineering; Electronics & Communication,
ROOM-1091,EL-145,,,,,Active,Electronics & Communication,
ROOM-1092,EL-146,,,,,Active,Electronics & Communication,
ROOM-1093,EL-147,,,,,Active,Electrical Engineering; Electronics & Communication,
ROOM-1094,EL-148,,,,,Active,Electrical Engineering; Electronics & Communication,
ROOM-1095,EL-149,,,,,Active,Electrical Engineering; Electronics & Communication,
ROOM-1096,EL-150,,,,,Active,Electrical Engineering; Electronics & Communication,
ROOM-1097,EL-151,,,,,Active,Electrical Engineering; Electronics & Communication,
ROOM-1098,EL-152,,,,,Active,Electrical Engineering; Electronics & Communication,
ROOM-1099,EL-153,,,,,Active,Electrical Engineering; Electronics & Communication,
ROOM-1100,EL-154,,,,,Active,Electrical Engineering; Electronics & Communication,
ROOM-1101,EL-155,,,,,Active,Electrical Engineering; Electronics & Communication,
ROOM-1102,EL-156,,,,,Active,Electrical Engineering; Electronics & Communication,
ROOM-1103,EL-157,,,,,Active,Electrical Engineering; Electronics & Communication,
ROOM-1104,EL-158,,,,,Active,Electrical Engineering; Electronics & Communication,
ROOM-1105,EL-159,,,,,Active,Electrical Engineering; Electronics & Communication,
ROOM-1106,EL-160,,,,,Active,Electrical Engineering; Electronics & Communication,
ROOM-1107,EL-161,,,,,Active,Electrical Engineering; Electronics & Communication,
ROOM-1108,EL-162,,,,,Active,Electrical Engineering,
ROOM-1109,EL-163,,,,,Active,Electrical Engineering; Electronics & Communication,
ROOM-1110,EL-164,,,,,Active,Electrical Engineering; Electronics & Communication,
ROOM-1111,EL-165,,,,,Active,Electrical Engineering; Electronics & Communication,
ROOM-1112,EL-166,,,,,Active,Electrical Engineering; Electronics & Communication,
ROOM-1113,EL-167,,,,,Active,Electrical Engineering; Electronics & Communication,
ROOM-1114,EL-168,,,,,Active,Electrical Engineering; Electronics & Communication,
ROOM-1115,EL-169,,,,,Active,Electrical Engineering; Electronics & Communication,
ROOM-1116,EL-170,,,,,Active,Electronics & Communication,
ROOM-1117,EL-171,,,,,Active,Electrical Engineering; Electronics & Communication,
ROOM-1118,EL-172,,,,,Active,Electrical Engineering; Electronics & Communication,
ROOM-1119,EL-173,,,,,Active,Electrical Engineering; Electronics & Communication,
ROOM-1120,EL-174,,,,,Active,Electrical Engineering; Electronics & Communication,
ROOM-1121,EL-175,,,,,Active,Electrical Engineering; Electronics & Communication,
ROOM-1122,EL-176,,,,,Active,Electrical Engineering; Electronics & Communication,
ROOM-1123,EL-177,,,,,Active,Electrical Engineering; Electronics & Communication,
ROOM-1124,EL-178,,,,,Active,Electrical Engineering; Electronics & Communication,
ROOM-1125,EL-179,,,,,Active,Electrical Engineering; Electronics & Communication,
ROOM-1126,EL-180,,,,,Active,Electrical Engineering; Electronics & Communication,
ROOM-1127,EL-181,,,,,Active,Electrical Engineering; Electronics & Communication,
ROOM-1128,EL-182,,,,,Active,Electrical Engineering; Electronics & Communication,
ROOM-1129,EL-183,,,,,Active,Electrical Engineering; Electronics & Communication,
ROOM-1130,EL-184,,,,,Active,Electrical Engineering; Electronics & Communication,
ROOM-1131,EL-185,,,,,Active,Electrical Engineering; Electronics & Communication,
ROOM-1132,EL-186,,,,,Active,Electrical Engineering; Electronics & Communication,
ROOM-1133,EL-187,,,,,Active,Electrical Engineering; Electronics & Communication,
ROOM-1134,EL-188,,,,,Active,Electrical Engineering; Electronics & Communication,
ROOM-1135,EL-189,,,,,Active,Electrical Engineering; Electronics & Communication,
ROOM-1136,EL-190,,,,,Active,Electrical Engineering; Electronics & Communication,
ROOM-1137,EL-191,,,,,Active,Electrical Engineering; Electronics & Communication,
ROOM-1138,EL-192,,,,,Active,Electrical Engineering; Electronics & Communication,
ROOM-1139,EL-193,,,,,Active,Electrical Engineering; Electronics & Communication,
ROOM-1140,EL-194,,,,,Active,Electrical Engineering; Electronics & Communication,
ROOM-1141,EL-195,,,,,Active,Electrical Engineering; Electronics & Communication,
ROOM-1142,EL-196,,,,,Active,Electrical Engineering,
ROOM-1143,EL-197,,,,,Active,Electrical Engineering; Electronics & Communication,
ROOM-1144,EL-198,,,,,Active,Electrical Engineering; Electronics & Communication,
ROOM-1145,EL-199,,,,,Active,Electrical Engineering; Electronics & Communication,
ROOM-1146,EL-200,,,,,Active,Electrical Engineering; Electronics & Communication,
ROOM-1147,EL-201,,,,,Active,Electrical Engineering; Electronics & Communication,
ROOM-1148,EL-202,,,,,Active,Electrical Engineering; Electronics & Communication,
ROOM-1149,EL-203,,,,,Active,Electrical Engineering; Electronics & Communication,
ROOM-1150,EL-204,,,,,Active,Electrical Engineering; Electronics & Communication,
ROOM-1151,EL-205,,,,,Active,Electrical Engineering; Electronics & Communication,
ROOM-1152,EL-206,,,,,Active,Electrical Engineering; Electronics & Communication,
ROOM-1153,EL-207,,,,,Active,Electrical Engineering; Electronics & Communication,
ROOM-1154,EL-208,,,,,Active,Electrical Engineering; Electronics & Communication,
ROOM-1155,EL-209,,,,,Active,Electrical Engineering; Electronics & Communication,
ROOM-1156,EL-210,,,,,Active,Electrical Engineering; Electronics & Communication,
ROOM-1157,EL-211,,,,,Active,Electrical Engineering; Electronics & Communication,
ROOM-1158,EL-212,,,,,Active,Electrical Engineering; Electronics & Communication,
ROOM-1159,EL-213,,,,,Active,Electrical Engineering; Electronics & Communication,
ROOM-1160,EL-214,,,,,Active,Electrical Engineering; Electronics & Communication,
ROOM-1161,EL-215,,,,,Active,Electrical Engineering; Electronics & Communication,
ROOM-1162,EL-216,,,,,Active,Electrical Engineering; Electronics & Communication,
ROOM-1163,EL-217,,,,,Active,Electrical Engineering; Electronics & Communication,
ROOM-1164,EL-218,,,,,Active,Electrical Engineering; Electronics & Communication,
ROOM-1165,EL-219,,,,,Active,Electrical Engineering; Electronics & Communication,
ROOM-1166,EL-220,,,,,Active,Electrical Engineering; Electronics & Communication,
ROOM-1167,EL-221,,,,,Active,Electrical Engineering; Electronics & Communication,
ROOM-1168,EL-222,,,,,Active,Electrical Engineering; Electronics & Communication,
ROOM-1169,EL-223,,,,,Active,Electrical Engineering; Electronics & Communication,
ROOM-1170,EL-224,,,,,Active,Electrical Engineering; Electronics & Communication,
ROOM-1171,EL-225,,,,,Active,Electrical Engineering; Electronics & Communication,
ROOM-1172,EL-226,,,,,Active,Electrical Engineering; Electronics & Communication,
ROOM-1173,EL-227,,,,,Active,Electrical Engineering; Electronics & Communication,
ROOM-1174,EL-228,,,,,Active,Electrical Engineering; Electronics & Communication,
ROOM-1175,EL-229,,,,,Active,Electrical Engineering; Electronics & Communication,
ROOM-1176,EL-230,,,,,Active,Electrical Engineering; Electronics & Communication,
ROOM-1177,EL-231,,,,,Active,Electrical Engineering; Electronics & Communication,
ROOM-1178,EL-232,,,,,Active,Electrical Engineering; Electronics & Communication,
ROOM-1179,EL-233,,,,,Active,Electrical Engineering; Electronics & Communication,
ROOM-1180,EL-234,,,,,Active,Electrical Engineering; Electronics & Communication,
ROOM-1181,EL-235,,,,,Active,Electrical Engineering; Electronics & Communication,
ROOM-1182,EL-236,,,,,Active,Electrical Engineering; Electronics & Communication,
ROOM-1183,EL-237,,,,,Active,Electrical Engineering; Electronics & Communication,
ROOM-1184,EL-238,,,,,Active,Electrical Engineering; Electronics & Communication,
ROOM-1185,EL-239,,,,,Active,Electrical Engineering; Electronics & Communication,
ROOM-1186,EL-240,,,,,Active,Electrical Engineering; Electronics & Communication,
ROOM-1187,EL-241,,,,,Active,Electrical Engineering; Electronics & Communication,
ROOM-1188,EL-242,,,,,Active,Electrical Engineering; Electronics & Communication,
ROOM-1189,EL-243,,,,,Active,Electrical Engineering; Electronics & Communication,
ROOM-1190,EL-244,,,,,Active,Electrical Engineering; Electronics & Communication,
ROOM-1191,EL-245,,,,,Active,Electrical Engineering; Electronics & Communication,
ROOM-1192,EL-246,,,,,Active,Electrical Engineering; Electronics & Communication,
ROOM-1193,EL-247,,,,,Active,Electrical Engineering; Electronics & Communication,
ROOM-1194,EL-248,,,,,Active,Electrical Engineering; Electronics & Communication,
ROOM-1195,EL-249,,,,,Active,Electrical Engineering; Electronics & Communication,
ROOM-1196,EL-250,,,,,Active,Electrical Engineering; Electronics & Communication,
ROOM-1197,EL-251,,,,,Active,Electrical Engineering; Electronics & Communication,
ROOM-1198,EL-252,,,,,Active,Electrical Engineering; Electronics & Communication,
ROOM-1199,EL-253,,,,,Active,Electrical Engineering; Electronics & Communication,
ROOM-1200,EL-254,,,,,Active,Electrical Engineering; Electronics & Communication,
ROOM-1201,EL-255,,,,,Active,Electrical Engineering; Electronics & Communication,
ROOM-1202,EL-256,,,,,Active,Electrical Engineering; Electronics & Communication,
ROOM-1203,EL-257,,,,,Active,Electrical Engineering; Electronics & Communication,
ROOM-1204,EL-258,,,,,Active,Electrical Engineering; Electronics & Communication,
ROOM-1205,EL-259,,,,,Active,Electrical Engineering; Electronics & Communication,
ROOM-1206,EL-260,,,,,Active,Electrical Engineering; Electronics & Communication,
ROOM-1207,EL-261,,,,,Active,Electrical Engineering; Electronics & Communication,
ROOM-1208,EL-262,,,,,Active,Electrical Engineering; Electronics & Communication,
ROOM-1209,EL-263,,,,,Active,Electrical Engineering; Electronics & Communication,
ROOM-1210,EL-264,,,,,Active,Electrical Engineering; Electronics & Communication,
ROOM-1211,EL-265,,,,,Active,Electrical Engineering; Electronics & Communication,
ROOM-1212,EL-266,,,,,Active,Electronics & Communication,
ROOM-1213,EL-267,,,,,Active,Electrical Engineering; Electronics & Communication,
ROOM-1214,EL-268,,,,,Active,Electrical Engineering; Electronics & Communication,
ROOM-1215,EL-269,,,,,Active,Electrical Engineering; Electronics & Communication,
ROOM-1216,EL-270,,,,,Active,Electrical Engineering; Electronics & Communication,
ROOM-1217,EL-271,,,,,Active,Electrical Engineering; Electronics & Communication,
ROOM-1218,EL-272,,,,,Active,Electrical Engineering; Electronics & Communication,
ROOM-1219,EL-273,,,,,Active,Electrical Engineering; Electronics & Communication,
ROOM-1220,EL-274,,,,,Active,Electrical Engineering; Electronics & Communication,
ROOM-1221,EL-275,,,,,Active,Electrical Engineering; Electronics & Communication,
ROOM-1222,EL-276,,,,,Active,Electrical Engineering; Electronics & Communication,
ROOM-1223,EL-277,,,,,Active,Electrical Engineering; Electronics & Communication,
ROOM-1224,EL-278,,,,,Active,Electrical Engineering; Electronics & Communication,
ROOM-1225,EL-279,,,,,Active,Electrical Engineering; Electronics & Communication,
ROOM-1226,EL-280,,,,,Active,Electrical Engineering; Electronics & Communication,
ROOM-1227,EL-281,,,,,Active,Electrical Engineering; Electronics & Communication,
ROOM-1228,EL-282,,,,,Active,Electrical Engineering; Electronics & Communication,
ROOM-1229,EL-283,,,,,Active,Electrical Engineering; Electronics & Communication,
ROOM-1230,EL-284,,,,,Active,Electrical Engineering; Electronics & Communication,
ROOM-1231,EL-285,,,,,Active,Electrical Engineering; Electronics & Communication,
ROOM-1232,EL-286,,,,,Active,Electrical Engineering,
ROOM-1233,EL-287,,,,,Active,Electrical Engineering; Electronics & Communication,
ROOM-1234,EL-288,,,,,Active,Electrical Engineering; Electronics & Communication,
ROOM-1235,EL-289,,,,,Active,Electrical Engineering; Electronics & Communication,
ROOM-1236,EL-290,,,,,Active,Electrical Engineering; Electronics & Communication,
ROOM-1237,EL-291,,,,,Active,Electrical Engineering; Electronics & Communication,
ROOM-1238,EL-292,,,,,Active,Electrical Engineering; Electronics & Communication,
ROOM-1239,EL-293,,,,,Active,Electrical Engineering; Electronics & Communication,
ROOM-1240,EL-294,,,,,Active,Electrical Engineering; Electronics & Communication,
ROOM-1241,EL-295,,,,,Active,Electrical Engineering; Electronics & Communication,
ROOM-1242,EL-296,,,,,Active,Electrical Engineering; Electronics & Communication,
ROOM-1243,EL-297,,,,,Active,Electrical Engineering; Electronics & Communication,
ROOM-1244,EL-298,,,,,Active,Electrical Engineering; Electronics & Communication,
ROOM-1245,EL-299,,,,,Active,Electrical Engineering; Electronics & Communication,
ROOM-1246,EL-300,,,,,Active,Electrical Engineering; Electronics & Communication,
ROOM-1247,EL-301,,,,,Active,Electrical Engineering,
ROOM-1248,EL-302,,,,,Active,Electrical Engineering; Electronics & Communication,
ROOM-1249,EL-303,,,,,Active,Electrical Engineering; Electronics & Communication,
ROOM-1250,EL-304,,,,,Active,Electrical Engineering; Electronics & Communication,
ROOM-1251,EL-305,,,,,Active,Electrical Engineering; Electronics & Communication,
ROOM-1252,EL-306,,,,,Active,Electrical Engineering; Electronics & Communication,
ROOM-1253,EL-307,,,,,Active,Electrical Engineering; Electronics & Communication,
ROOM-1254,EL-308,,,,,Active,Electrical Engineering,
ROOM-1255,EL-309,,,,,Active,Electrical Engineering; Electronics & Communication,
ROOM-1256,EL-310,,,,,Active,Electrical Engineering; Electronics & Communication,
ROOM-1257,EL-311,,,,,Active,Electrical Engineering; Electronics & Communication,
ROOM-1258,EL-312,,,,,Active,Electrical Engineering; Electronics & Communication,
ROOM-1259,EL-313,,,,,Active,Electrical Engineering; Electronics & Communication,
ROOM-1260,EL-314,,,,,Active,Electrical Engineering; Electronics & Communication,
ROOM-1261,EL-315,,,,,Active,Electrical Engineering; Electronics & Communication,
ROOM-1262,EL-316,,,,,Active,Electrical Engineering; Electronics & Communication,
ROOM-1263,EL-317,,,,,Active,Electrical Engineering; Electronics & Communication,
ROOM-1264,EL-318,,,,,Active,Electrical Engineering; Electronics & Communication,
ROOM-1265,EL-319,,,,,Active,Electrical Engineering; Electronics & Communication,
ROOM-1266,EL-320,,,,,Active,Electrical Engineering; Electronics & Communication,
ROOM-1267,IN-101,,,,,Active,Information Technology,
ROOM-1268,IN-102,,,,,Active,Information Technology,
ROOM-1269,IN-103,,,,,Active,Information Technology,
ROOM-1270,IN-104,,,,,Active,Information Technology,
ROOM-1271,IN-105,,,,,Active,Information Technology,
ROOM-1272,IN-106,,,,,Active,Information Technology,
ROOM-1273,IN-107,,,,,Active,Information Technology,
ROOM-1274,IN-108,,,,,Active,Information Technology,
ROOM-1275,IN-109,,,,,Active,Information Technology,
ROOM-1276,IN-110,,,,,Active,Information Technology,
ROOM-1277,IN-111,,,,,Active,Information Technology,
ROOM-1278,IN-113,,,,,Active,Information Technology,
ROOM-1279,IN-114,,,,,Active,Information Technology,
ROOM-1280,IN-115,,,,,Active,Information Technology,
ROOM-1281,IN-116,,,,,Active,Information Technology,
ROOM-1282,IN-117,,,,,Active,Information Technology,
ROOM-1283,IN-118,,,,,Active,Information Technology,
ROOM-1284,IN-119,,,,,Active,Information Technology,
ROOM-1285,IN-120,,,,,Active,Information Technology,
ROOM-1286,IN-121,,,,,Active,Information Technology,
ROOM-1287,IN-122,,,,,Active,Information Technology,
ROOM-1288,IN-124,,,,,Active,Information Technology,
ROOM-1289,IN-125,,,,,Active,Information Technology,
ROOM-1290,IN-126,,,,,Active,Information Technology,
ROOM-1291,IN-127,,,,,Active,Information Technology,
ROOM-1292,IN-128,,,,,Active,Information Technology,
ROOM-1293,IN-129,,,,,Active,Information Technology,
ROOM-1294,IN-130,,,,,Active,Information Technology,
ROOM-1295,IN-131,,,,,Active,Information Technology,
ROOM-1296,IN-132,,,,,Active,Information Technology,
ROOM-1297,IN-133,,,,,Active,Information Technology,
ROOM-1298,IN-134,,,,,Active,Information Technology,
ROOM-1299,IN-135,,,,,Active,Information Technology,
ROOM-1300,IN-136,,,,,Active,Information Technology,
ROOM-1301,IN-137,,,,,Active,Information Technology,
ROOM-1302,IN-138,,,,,Active,Information Technology,
ROOM-1303,IN-139,,,,,Active,Information Technology,
ROOM-1304,IN-140,,,,,Active,Information Technology,
ROOM-1305,IN-141,,,,,Active,Information Technology,
ROOM-1306,IN-142,,,,,Active,Information Technology,
ROOM-1307,IN-143,,,,,Active,Information Technology,
ROOM-1308,IN-144,,,,,Active,Information Technology,
ROOM-1309,IN-145,,,,,Active,Information Technology,
ROOM-1310,IN-146,,,,,Active,Information Technology,
ROOM-1311,IN-147,,,,,Active,Information Technology,
ROOM-1312,IN-148,,,,,Active,Information Technology,
ROOM-1313,IN-149,,,,,Active,Information Technology,
ROOM-1314,IN-150,,,,,Active,Information Technology,
ROOM-1315,IN-151,,,,,Active,Information Technology,
ROOM-1316,IN-152,,,,,Active,Information Technology,
ROOM-1317,IN-153,,,,,Active,Information Technology,
ROOM-1318,IN-154,,,,,Active,Information Technology,
ROOM-1319,IN-155,,,,,Active,Information Technology,
ROOM-1320,IN-156,,,,,Active,Information Technology,
ROOM-1321,IN-157,,,,,Active,Information Technology,
ROOM-1322,IN-158,,,,,Active,Information Technology,
ROOM-1323,IN-159,,,,,Active,Information Technology,
ROOM-1324,IN-160,,,,,Active,Information Technology,
ROOM-1325,IN-161,,,,,Active,Information Technology,
ROOM-1326,IN-162,,,,,Active,Information Technology,
ROOM-1327,IN-163,,,,,Active,Information Technology,
ROOM-1328,IN-164,,,,,Active,Information Technology,
ROOM-1329,IN-165,,,,,Active,Information Technology,
ROOM-1330,IN-166,,,,,Active,Information Technology,
ROOM-1331,IN-167,,,,,Active,Information Technology,
ROOM-1332,IN-168,,,,,Active,Information Technology,
ROOM-1333,IN-169,,,,,Active,Information Technology,
ROOM-1334,IN-170,,,,,Active,Information Technology,
ROOM-1335,IN-171,,,,,Active,Information Technology,
ROOM-1336,IN-172,,,,,Active,Information Technology,
ROOM-1337,IN-173,,,,,Active,Information Technology,
ROOM-1338,IN-174,,,,,Active,Information Technology,
ROOM-1339,IN-175,,,,,Active,Information Technology,
ROOM-1340,IN-176,,,,,Active,Information Technology,
ROOM-1341,IN-177,,,,,Active,Information Technology,
ROOM-1342,IN-178,,,,,Active,Information Technology,
ROOM-1343,IN-179,,,,,Active,Information Technology,
ROOM-1344,IN-180,,,,,Active,Information Technology,
ROOM-1345,IN-181,,,,,Active,Information Technology,
ROOM-1346,IN-182,,,,,Active,Information Technology,
ROOM-1347,IN-183,,,,,Active,Information Technology,
ROOM-1348,IN-184,,,,,Active,Information Technology,
ROOM-1349,IN-185,,,,,Active,Information Technology,
ROOM-1350,IN-186,,,,,Active,Information Technology,
ROOM-1351,IN-187,,,,,Active,Information Technology,
ROOM-1352,IN-188,,,,,Active,Information Technology,
ROOM-1353,IN-189,,,,,Active,Information Technology,
ROOM-1354,IN-190,,,,,Active,Information Technology,
ROOM-1355,IN-191,,,,,Active,Information Technology,
ROOM-1356,IN-192,,,,,Active,Information Technology,
ROOM-1357,IN-193,,,,,Active,Information Technology,
ROOM-1358,IN-194,,,,,Active,Information Technology,
ROOM-1359,IN-195,,,,,Active,Information Technology,
ROOM-1360,IN-196,,,,,Active,Information Technology,
ROOM-1361,IN-197,,,,,Active,Information Technology,
ROOM-1362,IN-198,,,,,Active,Information Technology,
ROOM-1363,IN-199,,,,,Active,Information Technology,
ROOM-1364,IN-200,,,,,Active,Information Technology,
ROOM-1365,IN-201,,,,,Active,Information Technology,
ROOM-1366,IN-202,,,,,Active,Information Technology,
ROOM-1367,IN-203,,,,,Active,Information Technology,
ROOM-1368,IN-204,,,,,Active,Information Technology,
ROOM-1369,IN-205,,,,,Active,Information Technology,
ROOM-1370,IN-206,,,,,Active,Information Technology,
ROOM-1371,IN-207,,,,,Active,Information Technology,
ROOM-1372,IN-208,,,,,Active,Information Technology,
ROOM-1373,IN-209,,,,,Active,Information Technology,
ROOM-1374,IN-210,,,,,Active,Information Technology,
ROOM-1375,IN-211,,,,,Active,Information Technology,
ROOM-1376,IN-212,,,,,Active,Information Technology,
ROOM-1377,IN-213,,,,,Active,Information Technology,
ROOM-1378,IN-214,,,,,Active,Information Technology,
ROOM-1379,IN-215,,,,,Active,Information Technology,
ROOM-1380,IN-216,,,,,Active,Information Technology,
ROOM-1381,IN-217,,,,,Active,Information Technology,
ROOM-1382,IN-218,,,,,Active,Information Technology,
ROOM-1383,IN-219,,,,,Active,Information Technology,
ROOM-1384,IN-220,,,,,Active,Information Technology,
ROOM-1385,IN-221,,,,,Active,Information Technology,
ROOM-1386,IN-222,,,,,Active,Information Technology,
ROOM-1387,IN-223,,,,,Active,Information Technology,
ROOM-1388,IN-224,,,,,Active,Information Technology,
ROOM-1389,IN-225,,,,,Active,Information Technology,
ROOM-1390,IN-226,,,,,Active,Information Technology,
ROOM-1391,IN-227,,,,,Active,Information Technology,
ROOM-1392,IN-228,,,,,Active,Information Technology,
ROOM-1393,IN-229,,,,,Active,Information Technology,
ROOM-1394,IN-230,,,,,Active,Information Technology,
ROOM-1395,IN-231,,,,,Active,Information Technology,
ROOM-1396,IN-232,,,,,Active,Information Technology,
ROOM-1397,IN-233,,,,,Active,Information Technology,
ROOM-1398,IN-234,,,,,Active,Information Technology,
ROOM-1399,IN-235,,,,,Active,Information Technology,
ROOM-1400,IN-236,,,,,Active,Information Technology,
ROOM-1401,IN-237,,,,,Active,Information Technology,
ROOM-1402,IN-238,,,,,Active,Information Technology,
ROOM-1403,IN-239,,,,,Active,Information Technology,
ROOM-1404,IN-240,,,,,Active,Information Technology,
ROOM-1405,IN-241,,,,,Active,Information Technology,
ROOM-1406,IN-242,,,,,Active,Information Technology,
ROOM-1407,IN-243,,,,,Active,Information Technology,
ROOM-1408,IN-244,,,,,Active,Information Technology,
ROOM-1409,IN-245,,,,,Active,Information Technology,
ROOM-1410,IN-246,,,,,Active,Information Technology,
ROOM-1411,IN-247,,,,,Active,Information Technology,
ROOM-1412,IN-248,,,,,Active,Information Technology,
ROOM-1413,IN-249,,,,,Active,Information Technology,
ROOM-1414,IN-250,,,,,Active,Information Technology,
ROOM-1415,IN-251,,,,,Active,Information Technology,
ROOM-1416,IN-252,,,,,Active,Information Technology,
ROOM-1417,IN-253,,,,,Active,Information Technology,
ROOM-1418,IN-254,,,,,Active,Information Technology,
ROOM-1419,IN-256,,,,,Active,Information Technology,
ROOM-1420,IN-257,,,,,Active,Information Technology,
ROOM-1421,IN-258,,,,,Active,Information Technology,
ROOM-1422,IN-259,,,,,Active,Information Technology,
ROOM-1423,IN-260,,,,,Active,Information Technology,
ROOM-1424,IN-261,,,,,Active,Information Technology,
ROOM-1425,IN-262,,,,,Active,Information Technology,
ROOM-1426,IN-263,,,,,Active,Information Technology,
ROOM-1427,IN-264,,,,,Active,Information Technology,
ROOM-1428,IN-265,,,,,Active,Information Technology,
ROOM-1429,IN-266,,,,,Active,Information Technology,
ROOM-1430,IN-267,,,,,Active,Information Technology,
ROOM-1431,IN-268,,,,,Active,Information Technology,
ROOM-1432,IN-269,,,,,Active,Information Technology,
ROOM-1433,IN-270,,,,,Active,Information Technology,
ROOM-1434,IN-272,,,,,Active,Information Technology,
ROOM-1435,IN-273,,,,,Active,Information Technology,
ROOM-1436,IN-274,,,,,Active,Information Technology,
ROOM-1437,IN-275,,,,,Active,Information Technology,
ROOM-1438,IN-276,,,,,Active,Information Technology,
ROOM-1439,IN-277,,,,,Active,Information Technology,
ROOM-1440,IN-278,,,,,Active,Information Technology,
ROOM-1441,IN-279,,,,,Active,Information Technology,
ROOM-1442,IN-280,,,,,Active,Information Technology,
ROOM-1443,IN-281,,,,,Active,Information Technology,
ROOM-1444,IN-282,,,,,Active,Information Technology,
ROOM-1445,IN-283,,,,,Active,Information Technology,
ROOM-1446,IN-284,,,,,Active,Information Technology,
ROOM-1447,IN-285,,,,,Active,Information Technology,
ROOM-1448,IN-286,,,,,Active,Information Technology,
ROOM-1449,IN-287,,,,,Active,Information Technology,
ROOM-1450,IN-288,,,,,Active,Information Technology,
ROOM-1451,IN-289,,,,,Active,Information Technology,
ROOM-1452,IN-290,,,,,Active,Information Technology,
ROOM-1453,IN-291,,,,,Active,Information Technology,
ROOM-1454,IN-292,,,,,Active,Information Technology,
ROOM-1455,IN-293,,,,,Active,Information Technology,
ROOM-1456,IN-294,,,,,Active,Information Technology,
ROOM-1457,IN-295,,,,,Active,Information Technology,
ROOM-1458,IN-296,,,,,Active,Information Technology,
ROOM-1459,IN-297,,,,,Active,Information Technology,
ROOM-1460,IN-298,,,,,Active,Information Technology,
ROOM-1461,IN-299,,,,,Active,Information Technology,
ROOM-1462,IN-300,,,,,Active,Information Technology,
ROOM-1463,IN-301,,,,,Active,Information Technology,
ROOM-1464,IN-302,,,,,Active,Information Technology,
ROOM-1465,IN-303,,,,,Active,Information Technology,
ROOM-1466,IN-304,,,,,Active,Information Technology,
ROOM-1467,IN-305,,,,,Active,Information Technology,
ROOM-1468,IN-306,,,,,Active,Information Technology,
ROOM-1469,IN-307,,,,,Active,Information Technology,
ROOM-1470,IN-308,,,,,Active,Information Technology,
ROOM-1471,IN-309,,,,,Active,Information Technology,
ROOM-1472,IN-310,,,,,Active,Information Technology,
ROOM-1473,IN-311,,,,,Active,Information Technology,
ROOM-1474,IN-312,,,,,Active,Information Technology,
ROOM-1475,IN-313,,,,,Active,Information Technology,
ROOM-1476,IN-315,,,,,Active,Information Technology,
ROOM-1477,IN-316,,,,,Active,Information Technology,
ROOM-1478,IN-317,,,,,Active,Information Technology,
ROOM-1479,IN-318,,,,,Active,Information Technology,
ROOM-1480,IN-319,,,,,Active,Information Technology,
ROOM-1481,IN-320,,,,,Active,Information Technology,
ROOM-1482,ME-101,,,,,Active,Mechanical Engineering,
ROOM-1483,ME-102,,,,,Active,Mechanical Engineering,
ROOM-1484,ME-103,,,,,Active,Mechanical Engineering,
ROOM-1485,ME-104,,,,,Active,Mechanical Engineering,
ROOM-1486,ME-105,,,,,Active,Mechanical Engineering,
ROOM-1487,ME-106,,,,,Active,Mechanical Engineering,
ROOM-1488,ME-107,,,,,Active,Mechanical Engineering,
ROOM-1489,ME-108,,,,,Active,Mechanical Engineering,
ROOM-1490,ME-109,,,,,Active,Mechanical Engineering,
ROOM-1491,ME-110,,,,,Active,Mechanical Engineering,
ROOM-1492,ME-111,,,,,Active,Mechanical Engineering,
ROOM-1493,ME-112,,,,,Active,Mechanical Engineering,
ROOM-1494,ME-113,,,,,Active,Mechanical Engineering,
ROOM-1495,ME-114,,,,,Active,Mechanical Engineering,
ROOM-1496,ME-115,,,,,Active,Mechanical Engineering,
ROOM-1497,ME-116,,,,,Active,Mechanical Engineering,
ROOM-1498,ME-117,,,,,Active,Mechanical Engineering,
ROOM-1499,ME-118,,,,,Active,Mechanical Engineering,
ROOM-1500,ME-119,,,,,Active,Mechanical Engineering,
ROOM-1501,ME-120,,,,,Active,Mechanical Engineering,
ROOM-1502,ME-121,,,,,Active,Mechanical Engineering,
ROOM-1503,ME-122,,,,,Active,Mechanical Engineering,
ROOM-1504,ME-123,,,,,Active,Mechanical Engineering,
ROOM-1505,ME-124,,,,,Active,Mechanical Engineering,
ROOM-1506,ME-125,,,,,Active,Mechanical Engineering,
ROOM-1507,ME-126,,,,,Active,Mechanical Engineering,
ROOM-1508,ME-127,,,,,Active,Mechanical Engineering,
ROOM-1509,ME-128,,,,,Active,Mechanical Engineering,
ROOM-1510,ME-129,,,,,Active,Mechanical Engineering,
ROOM-1511,ME-130,,,,,Active,Mechanical Engineering,
ROOM-1512,ME-131,,,,,Active,Mechanical Engineering,
ROOM-1513,ME-132,,,,,Active,Mechanical Engineering,
ROOM-1514,ME-133,,,,,Active,Mechanical Engineering,
ROOM-1515,ME-134,,,,,Active,Mechanical Engineering,
ROOM-1516,ME-135,,,,,Active,Mechanical Engineering,
ROOM-1517,ME-136,,,,,Active,Mechanical Engineering,
ROOM-1518,ME-137,,,,,Active,Mechanical Engineering,
ROOM-1519,ME-138,,,,,Active,Mechanical Engineering,
ROOM-1520,ME-139,,,,,Active,Mechanical Engineering,
ROOM-1521,ME-140,,,,,Active,Mechanical Engineering,
ROOM-1522,ME-141,,,,,Active,Mechanical Engineering,
ROOM-1523,ME-142,,,,,Active,Mechanical Engineering,
ROOM-1524,ME-143,,,,,Active,Mechanical Engineering,
ROOM-1525,ME-144,,,,,Active,Mechanical Engineering,
ROOM-1526,ME-145,,,,,Active,Mechanical Engineering,
ROOM-1527,ME-146,,,,,Active,Mechanical Engineering,
ROOM-1528,ME-147,,,,,Active,Mechanical Engineering,
ROOM-1529,ME-148,,,,,Active,Mechanical Engineering,
ROOM-1530,ME-149,,,,,Active,Mechanical Engineering,
ROOM-1531,ME-150,,,,,Active,Mechanical Engineering,
ROOM-1532,ME-151,,,,,Active,Mechanical Engineering,
ROOM-1533,ME-152,,,,,Active,Mechanical Engineering,
ROOM-1534,ME-153,,,,,Active,Mechanical Engineering,
ROOM-1535,ME-154,,,,,Active,Mechanical Engineering,
ROOM-1536,ME-155,,,,,Active,Mechanical Engineering,
ROOM-1537,ME-156,,,,,Active,Mechanical Engineering,
ROOM-1538,ME-158,,,,,Active,Mechanical Engineering,
ROOM-1539,ME-159,,,,,Active,Mechanical Engineering,
ROOM-1540,ME-160,,,,,Active,Mechanical Engineering,
ROOM-1541,ME-161,,,,,Active,Mechanical Engineering,
ROOM-1542,ME-162,,,,,Active,Mechanical Engineering,
ROOM-1543,ME-163,,,,,Active,Mechanical Engineering,
ROOM-1544,ME-164,,,,,Active,Mechanical Engineering,
ROOM-1545,ME-165,,,,,Active,Mechanical Engineering,
ROOM-1546,ME-166,,,,,Active,Mechanical Engineering,
ROOM-1547,ME-167,,,,,Active,Mechanical Engineering,
ROOM-1548,ME-168,,,,,Active,Mechanical Engineering,
ROOM-1549,ME-169,,,,,Active,Mechanical Engineering,
ROOM-1550,ME-170,,,,,Active,Mechanical Engineering,
ROOM-1551,ME-171,,,,,Active,Mechanical Engineering,
ROOM-1552,ME-172,,,,,Active,Mechanical Engineering,
ROOM-1553,ME-173,,,,,Active,Mechanical Engineering,
ROOM-1554,ME-174,,,,,Active,Mechanical Engineering,
ROOM-1555,ME-175,,,,,Active,Mechanical Engineering,
ROOM-1556,ME-176,,,,,Active,Mechanical Engineering,
ROOM-1557,ME-177,,,,,Active,Mechanical Engineering,
ROOM-1558,ME-178,,,,,Active,Mechanical Engineering,
ROOM-1559,ME-179,,,,,Active,Mechanical Engineering,
ROOM-1560,ME-180,,,,,Active,Mechanical Engineering,
ROOM-1561,ME-181,,,,,Active,Mechanical Engineering,
ROOM-1562,ME-182,,,,,Active,Mechanical Engineering,
ROOM-1563,ME-183,,,,,Active,Mechanical Engineering,
ROOM-1564,ME-184,,,,,Active,Mechanical Engineering,
ROOM-1565,ME-185,,,,,Active,Mechanical Engineering,
ROOM-1566,ME-186,,,,,Active,Mechanical Engineering,
ROOM-1567,ME-187,,,,,Active,Mechanical Engineering,
ROOM-1568,ME-188,,,,,Active,Mechanical Engineering,
ROOM-1569,ME-189,,,,,Active,Mechanical Engineering,
ROOM-1570,ME-190,,,,,Active,Mechanical Engineering,
ROOM-1571,ME-191,,,,,Active,Mechanical Engineering,
ROOM-1572,ME-192,,,,,Active,Mechanical Engineering,
ROOM-1573,ME-193,,,,,Active,Mechanical Engineering,
ROOM-1574,ME-194,,,,,Active,Mechanical Engineering,
ROOM-1575,ME-195,,,,,Active,Mechanical Engineering,
ROOM-1576,ME-196,,,,,Active,Mechanical Engineering,
ROOM-1577,ME-197,,,,,Active,Mechanical Engineering,
ROOM-1578,ME-198,,,,,Active,Mechanical Engineering,
ROOM-1579,ME-199,,,,,Active,Mechanical Engineering,
ROOM-1580,ME-200,,,,,Active,Mechanical Engineering,
ROOM-1581,ME-201,,,,,Active,Mechanical Engineering,
ROOM-1582,ME-202,,,,,Active,Mechanical Engineering,
ROOM-1583,ME-203,,,,,Active,Mechanical Engineering,
ROOM-1584,ME-204,,,,,Active,Mechanical Engineering,
ROOM-1585,ME-205,,,,,Active,Mechanical Engineering,
ROOM-1586,ME-206,,,,,Active,Mechanical Engineering,
ROOM-1587,ME-207,,,,,Active,Mechanical Engineering,
ROOM-1588,ME-208,,,,,Active,Mechanical Engineering,
ROOM-1589,ME-209,,,,,Active,Mechanical Engineering,
ROOM-1590,ME-210,,,,,Active,Mechanical Engineering,
ROOM-1591,ME-211,,,,,Active,Mechanical Engineering,
ROOM-1592,ME-212,,,,,Active,Mechanical Engineering,
ROOM-1593,ME-213,,,,,Active,Mechanical Engineering,
ROOM-1594,ME-214,,,,,Active,Mechanical Engineering,
ROOM-1595,ME-215,,,,,Active,Mechanical Engineering,
ROOM-1596,ME-216,,,,,Active,Mechanical Engineering,
ROOM-1597,ME-217,,,,,Active,Mechanical Engineering,
ROOM-1598,ME-218,,,,,Active,Mechanical Engineering,
ROOM-1599,ME-219,,,,,Active,Mechanical Engineering,
ROOM-1600,ME-220,,,,,Active,Mechanical Engineering,
ROOM-1601,ME-221,,,,,Active,Mechanical Engineering,
ROOM-1602,ME-222,,,,,Active,Mechanical Engineering,
ROOM-1603,ME-224,,,,,Active,Mechanical Engineering,
ROOM-1604,ME-225,,,,,Active,Mechanical Engineering,
ROOM-1605,ME-226,,,,,Active,Mechanical Engineering,
ROOM-1606,ME-227,,,,,Active,Mechanical Engineering,
ROOM-1607,ME-228,,,,,Active,Mechanical Engineering,
ROOM-1608,ME-229,,,,,Active,Mechanical Engineering,
ROOM-1609,ME-230,,,,,Active,Mechanical Engineering,
ROOM-1610,ME-231,,,,,Active,Mechanical Engineering,
ROOM-1611,ME-232,,,,,Active,Mechanical Engineering,
ROOM-1612,ME-233,,,,,Active,Mechanical Engineering,
ROOM-1613,ME-234,,,,,Active,Mechanical Engineering,
ROOM-1614,ME-235,,,,,Active,Mechanical Engineering,
ROOM-1615,ME-236,,,,,Active,Mechanical Engineering,
ROOM-1616,ME-237,,,,,Active,Mechanical Engineering,
ROOM-1617,ME-238,,,,,Active,Mechanical Engineering,
ROOM-1618,ME-239,,,,,Active,Mechanical Engineering,
ROOM-1619,ME-240,,,,,Active,Mechanical Engineering,
ROOM-1620,ME-241,,,,,Active,Mechanical Engineering,
ROOM-1621,ME-242,,,,,Active,Mechanical Engineering,
ROOM-1622,ME-243,,,,,Active,Mechanical Engineering,
ROOM-1623,ME-244,,,,,Active,Mechanical Engineering,
ROOM-1624,ME-245,,,,,Active,Mechanical Engineering,
ROOM-1625,ME-246,,,,,Active,Mechanical Engineering,
ROOM-1626,ME-247,,,,,Active,Mechanical Engineering,
ROOM-1627,ME-248,,,,,Active,Mechanical Engineering,
ROOM-1628,ME-249,,,,,Active,Mechanical Engineering,
ROOM-1629,ME-250,,,,,Active,Mechanical Engineering,
ROOM-1630,ME-251,,,,,Active,Mechanical Engineering,
ROOM-1631,ME-252,,,,,Active,Mechanical Engineering,
ROOM-1632,ME-253,,,,,Active,Mechanical Engineering,
ROOM-1633,ME-254,,,,,Active,Mechanical Engineering,
ROOM-1634,ME-255,,,,,Active,Mechanical Engineering,
ROOM-1635,ME-256,,,,,Active,Mechanical Engineering,
ROOM-1636,ME-257,,,,,Active,Mechanical Engineering,
ROOM-1637,ME-258,,,,,Active,Mechanical Engineering,
ROOM-1638,ME-259,,,,,Active,Mechanical Engineering,
ROOM-1639,ME-260,,,,,Active,Mechanical Engineering,
ROOM-1640,ME-261,,,,,Active,Mechanical Engineering,
ROOM-1641,ME-262,,,,,Active,Mechanical Engineering,
ROOM-1642,ME-263,,,,,Active,Mechanical Engineering,
ROOM-1643,ME-264,,,,,Active,Mechanical Engineering,
ROOM-1644,ME-265,,,,,Active,Mechanical Engineering,
ROOM-1645,ME-266,,,,,Active,Mechanical Engineering,
ROOM-1646,ME-267,,,,,Active,Mechanical Engineering,
ROOM-1647,ME-268,,,,,Active,Mechanical Engineering,
ROOM-1648,ME-269,,,,,Active,Mechanical Engineering,
ROOM-1649,ME-270,,,,,Active,Mechanical Engineering,
ROOM-1650,ME-271,,,,,Active,Mechanical Engineering,
ROOM-1651,ME-272,,,,,Active,Mechanical Engineering,
ROOM-1652,ME-273,,,,,Active,Mechanical Engineering,
ROOM-1653,ME-274,,,,,Active,Mechanical Engineering,
ROOM-1654,ME-275,,,,,Active,Mechanical Engineering,
ROOM-1655,ME-276,,,,,Active,Mechanical Engineering,
ROOM-1656,ME-277,,,,,Active,Mechanical Engineering,
ROOM-1657,ME-278,,,,,Active,Mechanical Engineering,
ROOM-1658,ME-279,,,,,Active,Mechanical Engineering,
ROOM-1659,ME-280,,,,,Active,Mechanical Engineering,
ROOM-1660,ME-281,,,,,Active,Mechanical Engineering,
ROOM-1661,ME-282,,,,,Active,Mechanical Engineering,
ROOM-1662,ME-283,,,,,Active,Mechanical Engineering,
ROOM-1663,ME-284,,,,,Active,Mechanical Engineering,
ROOM-1664,ME-285,,,,,Active,Mechanical Engineering,
ROOM-1665,ME-286,,,,,Active,Mechanical Engineering,
ROOM-1666,ME-287,,,,,Active,Mechanical Engineering,
ROOM-1667,ME-288,,,,,Active,Mechanical Engineering,
ROOM-1668,ME-289,,,,,Active,Mechanical Engineering,
ROOM-1669,ME-290,,,,,Active,Mechanical Engineering,
ROOM-1670,ME-291,,,,,Active,Mechanical Engineering,
ROOM-1671,ME-292,,,,,Active,Mechanical Engineering,
ROOM-1672,ME-293,,,,,Active,Mechanical Engineering,
ROOM-1673,ME-294,,,,,Active,Mechanical Engineering,
ROOM-1674,ME-295,,,,,Active,Mechanical Engineering,
ROOM-1675,ME-296,,,,,Active,Mechanical Engineering,
ROOM-1676,ME-297,,,,,Active,Mechanical Engineering,
ROOM-1677,ME-298,,,,,Active,Mechanical Engineering,
ROOM-1678,ME-299,,,,,Active,Mechanical Engineering,
ROOM-1679,ME-300,,,,,Active,Mechanical Engineering,
ROOM-1680,ME-301,,,,,Active,Mechanical Engineering,
ROOM-1681,ME-302,,,,,Active,Mechanical Engineering,
ROOM-1682,ME-303,,,,,Active,Mechanical Engineering,
ROOM-1683,ME-304,,,,,Active,Mechanical Engineering,
ROOM-1684,ME-305,,,,,Active,Mechanical Engineering,
ROOM-1685,ME-306,,,,,Active,Mechanical Engineering,
ROOM-1686,ME-307,,,,,Active,Mechanical Engineering,
ROOM-1687,ME-308,,,,,Active,Mechanical Engineering,
ROOM-1688,ME-309,,,,,Active,Mechanical Engineering,
ROOM-1689,ME-310,,,,,Active,Mechanical Engineering,
ROOM-1690,ME-311,,,,,Active,Mechanical Engineering,
ROOM-1691,ME-312,,,,,Active,Mechanical Engineering,
ROOM-1692,ME-313,,,,,Active,Mechanical Engineering,
ROOM-1693,ME-314,,,,,Active,Mechanical Engineering,
ROOM-1694,ME-315,,,,,Active,Mechanical Engineering,
ROOM-1695,ME-316,,,,,Active,Mechanical Engineering,
ROOM-1696,ME-317,,,,,Active,Mechanical Engineering,
ROOM-1697,ME-318,,,,,Active,Mechanical Engineering,
ROOM-1698,ME-319,,,,,Active,Mechanical Engineering,
ROOM-1699,ME-320,,,,,Active,Mechanical Engineering,
