faq_id,category,question,answer,keywords
LF0001,Library,What are the library timings?,The Central Library is generally open during notified working hours. Please check the latest library notice for exact timings.,library
LF0002,Library,How many books can I issue?,The number of books depends on your program and library policy.,library
LF0003,Library,How do I issue a book?,Use your library ID and follow the issue procedure at the circulation desk.,library
LF0004,Library,How do I return a book?,Return the book before the due date at the library counter.,library
LF0005,Library,Can I renew a book?,"Yes, if renewal is allowed and the book is not reserved by another student.",library
LF0006,Library,Can I access e-books?,"The librarian can assist you with borrowing, renewing and locating books.","library,books,reading"
LF0007,Library,What is the fine for late return?,Digital resources may be available through the college library services.,"library,books,reading"
LF0008,Library,Can I use the reading room?,Keep your library ID with you when using library facilities.,"library,books,reading"
LF0009,Library,Is Wi-Fi available in the library?,Please check the library portal or contact the librarian for the latest information.,"library,books,reading"
LF0010,Library,Can alumni use the library?,"The Central Library provides books, journals and study resources for students.","library,books,reading"
LF0011,Library,How do I get a library card?,Library services are subject to the college library rules and regulations.,"library,books,reading"
LF0012,Library,What if I lose a book?,"You can search by title, author or subject in the library catalogue.","library,books,reading"
LF0013,Library,What if I lose my library card?,Please return books on time to avoid overdue fines.,"library,books,reading"
LF0014,Library,Can I bring my own books?,"The librarian can assist you with borrowing, renewing and locating books.","library,books,reading"
LF0015,Library,Are group study rooms available?,Digital resources may be available through the college library services.,"library,books,reading"
LF0016,Library,Can I print documents?,Keep your library ID with you when using library facilities.,"library,books,reading"
LF0017,Library,How do I access journals?,Please check the library portal or contact the librarian for the latest information.,"library,books,reading"
LF0018,Library,Are newspapers available?,"The Central Library provides books, journals and study resources for students.","library,books,reading"
LF0019,Library,Can I borrow reference books?,Library services are subject to the college library rules and regulations.,"library,books,reading"
LF0020,Library,What are the library rules?,"You can search by title, author or subject in the library catalogue.","library,books,reading"
LF0021,Library,Can I carry food inside?,Please return books on time to avoid overdue fines.,"library,books,reading"
LF0022,Library,Are laptops allowed?,"The librarian can assist you with borrowing, renewing and locating books.","library,books,reading"
LF0023,Library,How do I recommend a new book?,Digital resources may be available through the college library services.,"library,books,reading"
LF0024,Library,Can I access IEEE papers?,Keep your library ID with you when using library facilities.,"library,books,reading"
LF0025,Library,How many renewals are allowed?,Please check the library portal or contact the librarian for the latest information.,"library,books,reading"
LF0026,Library,Is silence mandatory?,"The Central Library provides books, journals and study resources for students.","library,books,reading"
LF0027,Library,Can faculty issue more books?,Library services are subject to the college library rules and regulations.,"library,books,reading"
LF0028,Library,How do I check book availability?,"You can search by title, author or subject in the library catalogue.","library,books,reading"
LF0029,Library,What books are available for my department?,Please return books on time to avoid overdue fines.,"library,books,reading"
LF0030,Library,Can I use the library during exams?,"The librarian can assist you with borrowing, renewing and locating books.","library,books,reading"
LF0031,Library,Where is the library?,Digital resources may be available through the college library services.,"library,books,reading"
LF0032,Library,How do I search for a book?,Keep your library ID with you when using library facilities.,"library,books,reading"
LF0033,Library,Can I reserve a book?,Please check the library portal or contact the librarian for the latest information.,"library,books,reading"
LF0034,Library,Is there a digital library?,"The Central Library provides books, journals and study resources for students.","library,books,reading"
LF0035,Library,Are previous year papers available?,Library services are subject to the college library rules and regulations.,"library,books,reading"
LF0036,Library,Can I access e-books?,"You can search by title, author or subject in the library catalogue.","library,books,reading"
LF0037,Library,What is the fine for late return?,Please return books on time to avoid overdue fines.,"library,books,reading"
LF0038,Library,Can I use the reading room?,"The librarian can assist you with borrowing, renewing and locating books.","library,books,reading"
LF0039,Library,Is Wi-Fi available in the library?,Digital resources may be available through the college library services.,"library,books,reading"
LF0040,Library,Can alumni use the library?,Keep your library ID with you when using library facilities.,"library,books,reading"
LF0041,Library,How do I get a library card?,Please check the library portal or contact the librarian for the latest information.,"library,books,reading"
LF0042,Library,What if I lose a book?,"The Central Library provides books, journals and study resources for students.","library,books,reading"
LF0043,Library,What if I lose my library card?,Library services are subject to the college library rules and regulations.,"library,books,reading"
LF0044,Library,Can I bring my own books?,"You can search by title, author or subject in the library catalogue.","library,books,reading"
LF0045,Library,Are group study rooms available?,Please return books on time to avoid overdue fines.,"library,books,reading"
LF0046,Library,Can I print documents?,"The librarian can assist you with borrowing, renewing and locating books.","library,books,reading"
LF0047,Library,How do I access journals?,Digital resources may be available through the college library services.,"library,books,reading"
LF0048,Library,Are newspapers available?,Keep your library ID with you when using library facilities.,"library,books,reading"
LF0049,Library,Can I borrow reference books?,Please check the library portal or contact the librarian for the latest information.,"library,books,reading"
LF0050,Library,What are the library rules?,"The Central Library provides books, journals and study resources for students.","library,books,reading"
LF0051,Library,Can I carry food inside?,Library services are subject to the college library rules and regulations.,"library,books,reading"
LF0052,Library,Are laptops allowed?,"You can search by title, author or subject in the library catalogue.","library,books,reading"
LF0053,Library,How do I recommend a new book?,Please return books on time to avoid overdue fines.,"library,books,reading"
LF0054,Library,Can I access IEEE papers?,"The librarian can assist you with borrowing, renewing and locating books.","library,books,reading"
LF0055,Library,How many renewals are allowed?,Digital resources may be available through the college library services.,"library,books,reading"
LF0056,Library,Is silence mandatory?,Keep your library ID with you when using library facilities.,"library,books,reading"
LF0057,Library,Can faculty issue more books?,Please check the library portal or contact the librarian for the latest information.,"library,books,reading"
LF0058,Library,How do I check book availability?,"The Central Library provides books, journals and study resources for students.","library,books,reading"
LF0059,Library,What books are available for my department?,Library services are subject to the college library rules and regulations.,"library,books,reading"
LF0060,Library,Can I use the library during exams?,"You can search by title, author or subject in the library catalogue.","library,books,reading"
LF0061,Library,Where is the library?,Please return books on time to avoid overdue fines.,"library,books,reading"
LF0062,Library,How do I search for a book?,"The librarian can assist you with borrowing, renewing and locating books.","library,books,reading"
LF0063,Library,Can I reserve a book?,Digital resources may be available through the college library services.,"library,books,reading"
LF0064,Library,Is there a digital library?,Keep your library ID with you when using library facilities.,"library,books,reading"
LF0065,Library,Are previous year papers available?,Please check the library portal or contact the librarian for the latest information.,"library,books,reading"
LF0066,Library,Can I access e-books?,"The Central Library provides books, journals and study resources for students.","library,books,reading"
LF0067,Library,What is the fine for late return?,Library services are subject to the college library rules and regulations.,"library,books,reading"
LF0068,Library,Can I use the reading room?,"You can search by title, author or subject in the library catalogue.","library,books,reading"
LF0069,Library,Is Wi-Fi available in the library?,Please return books on time to avoid overdue fines.,"library,books,reading"
LF0070,Library,Can alumni use the library?,"The librarian can assist you with borrowing, renewing and locating books.","library,books,reading"
LF0071,Library,How do I get a library card?,Digital resources may be available through the college library services.,"library,books,reading"
LF0072,Library,What if I lose a book?,Keep your library ID with you when using library facilities.,"library,books,reading"
LF0073,Library,What if I lose my library card?,Please check the library portal or contact the librarian for the latest information.,"library,books,reading"
LF0074,Library,Can I bring my own books?,"The Central Library provides books, journals and study resources for students.","library,books,reading"
LF0075,Library,Are group study rooms available?,Library services are subject to the college library rules and regulations.,"library,books,reading"
LF0076,Library,Can I print documents?,"You can search by title, author or subject in the library catalogue.","library,books,reading"
LF0077,Library,How do I access journals?,Please return books on time to avoid overdue fines.,"library,books,reading"
LF0078,Library,Are newspapers available?,"The librarian can assist you with borrowing, renewing and locating books.","library,books,reading"
LF0079,Library,Can I borrow reference books?,Digital resources may be available through the college library services.,"library,books,reading"
LF0080,Library,What are the library rules?,Keep your library ID with you when using library facilities.,"library,books,reading"
LF0081,Library,Can I carry food inside?,Please check the library portal or contact the librarian for the latest information.,"library,books,reading"
LF0082,Library,Are laptops allowed?,"The Central Library provides books, journals and study resources for students.","library,books,reading"
LF0083,Library,How do I recommend a new book?,Library services are subject to the college library rules and regulations.,"library,books,reading"
LF0084,Library,Can I access IEEE papers?,"You can search by title, author or subject in the library catalogue.","library,books,reading"
LF0085,Library,How many renewals are allowed?,Please return books on time to avoid overdue fines.,"library,books,reading"
LF0086,Library,Is silence mandatory?,"The librarian can assist you with borrowing, renewing and locating books.","library,books,reading"
LF0087,Library,Can faculty issue more books?,Digital resources may be available through the college library services.,"library,books,reading"
LF0088,Library,How do I check book availability?,Keep your library ID with you when using library facilities.,"library,books,reading"
LF0089,Library,What books are available for my department?,Please check the library portal or contact the librarian for the latest information.,"library,books,reading"
LF0090,Library,Can I use the library during exams?,"The Central Library provides books, journals and study resources for students.","library,books,reading"
LF0091,Library,Where is the library?,Library services are subject to the college library rules and regulations.,"library,books,reading"
LF0092,Library,How do I search for a book?,"You can search by title, author or subject in the library catalogue.","library,books,reading"
LF0093,Library,Can I reserve a book?,Please return books on time to avoid overdue fines.,"library,books,reading"
LF0094,Library,Is there a digital library?,"The librarian can assist you with borrowing, renewing and locating books.","library,books,reading"
LF0095,Library,Are previous year papers available?,Digital resources may be available through the college library services.,"library,books,reading"
LF0096,Library,Can I access e-books?,Keep your library ID with you when using library facilities.,"library,books,reading"
LF0097,Library,What is the fine for late return?,Please check the library portal or contact the librarian for the latest information.,"library,books,reading"
LF0098,Library,Can I use the reading room?,"The Central Library provides books, journals and study resources for students.","library,books,reading"
LF0099,Library,Is Wi-Fi available in the library?,Library services are subject to the college library rules and regulations.,"library,books,reading"
LF0100,Library,Can alumni use the library?,"You can search by title, author or subject in the library catalogue.","library,books,reading"
LF0101,Library,How do I get a library card?,Please return books on time to avoid overdue fines.,"library,books,reading"
LF0102,Library,What if I lose a book?,"The librarian can assist you with borrowing, renewing and locating books.","library,books,reading"
LF0103,Library,What if I lose my library card?,Digital resources may be available through the college library services.,"library,books,reading"
LF0104,Library,Can I bring my own books?,Keep your library ID with you when using library facilities.,"library,books,reading"
LF0105,Library,Are group study rooms available?,Please check the library portal or contact the librarian for the latest information.,"library,books,reading"
LF0106,Library,Can I print documents?,"The Central Library provides books, journals and study resources for students.","library,books,reading"
LF0107,Library,How do I access journals?,Library services are subject to the college library rules and regulations.,"library,books,reading"
LF0108,Library,Are newspapers available?,"You can search by title, author or subject in the library catalogue.","library,books,reading"
LF0109,Library,Can I borrow reference books?,Please return books on time to avoid overdue fines.,"library,books,reading"
LF0110,Library,What are the library rules?,"The librarian can assist you with borrowing, renewing and locating books.","library,books,reading"
LF0111,Library,Can I carry food inside?,Digital resources may be available through the college library services.,"library,books,reading"
LF0112,Library,Are laptops allowed?,Keep your library ID with you when using library facilities.,"library,books,reading"
LF0113,Library,How do I recommend a new book?,Please check the library portal or contact the librarian for the latest information.,"library,books,reading"
LF0114,Library,Can I access IEEE papers?,"The Central Library provides books, journals and study resources for students.","library,books,reading"
LF0115,Library,How many renewals are allowed?,Library services are subject to the college library rules and regulations.,"library,books,reading"
LF0116,Library,Is silence mandatory?,"You can search by title, author or subject in the library catalogue.","library,books,reading"
LF0117,Library,Can faculty issue more books?,Please return books on time to avoid overdue fines.,"library,books,reading"
LF0118,Library,How do I check book availability?,"The librarian can assist you with borrowing, renewing and locating books.","library,books,reading"
LF0119,Library,What books are available for my department?,Digital resources may be available through the college library services.,"library,books,reading"
LF0120,Library,Can I use the library during exams?,Keep your library ID with you when using library facilities.,"library,books,reading"
LF0121,Library,Where is the library?,Please check the library portal or contact the librarian for the latest information.,"library,books,reading"
LF0122,Library,How do I search for a book?,"The Central Library provides books, journals and study resources for students.","library,books,reading"
LF0123,Library,Can I reserve a book?,Library services are subject to the college library rules and regulations.,"library,books,reading"
LF0124,Library,Is there a digital library?,"You can search by title, author or subject in the library catalogue.","library,books,reading"
LF0125,Library,Are previous year papers available?,Please return books on time to avoid overdue fines.,"library,books,reading"
LF0126,Library,Can I access e-books?,"The librarian can assist you with borrowing, renewing and locating books.","library,books,reading"
LF0127,Library,What is the fine for late return?,Digital resources may be available through the college library services.,"library,books,reading"
LF0128,Library,Can I use the reading room?,Keep your library ID with you when using library facilities.,"library,books,reading"
LF0129,Library,Is Wi-Fi available in the library?,Please check the library portal or contact the librarian for the latest information.,"library,books,reading"
LF0130,Library,Can alumni use the library?,"The Central Library provides books, journals and study resources for students.","library,books,reading"
LF0131,Library,How do I get a library card?,Library services are subject to the college library rules and regulations.,"library,books,reading"
LF0132,Library,What if I lose a book?,"You can search by title, author or subject in the library catalogue.","library,books,reading"
LF0133,Library,What if I lose my library card?,Please return books on time to avoid overdue fines.,"library,books,reading"
LF0134,Library,Can I bring my own books?,"The librarian can assist you with borrowing, renewing and locating books.","library,books,reading"
LF0135,Library,Are group study rooms available?,Digital resources may be available through the college library services.,"library,books,reading"
LF0136,Library,Can I print documents?,Keep your library ID with you when using library facilities.,"library,books,reading"
LF0137,Library,How do I access journals?,Please check the library portal or contact the librarian for the latest information.,"library,books,reading"
LF0138,Library,Are newspapers available?,"The Central Library provides books, journals and study resources for students.","library,books,reading"
LF0139,Library,Can I borrow reference books?,Library services are subject to the college library rules and regulations.,"library,books,reading"
LF0140,Library,What are the library rules?,"You can search by title, author or subject in the library catalogue.","library,books,reading"
LF0141,Library,Can I carry food inside?,Please return books on time to avoid overdue fines.,"library,books,reading"
LF0142,Library,Are laptops allowed?,"The librarian can assist you with borrowing, renewing and locating books.","library,books,reading"
LF0143,Library,How do I recommend a new book?,Digital resources may be available through the college library services.,"library,books,reading"
LF0144,Library,Can I access IEEE papers?,Keep your library ID with you when using library facilities.,"library,books,reading"
LF0145,Library,How many renewals are allowed?,Please check the library portal or contact the librarian for the latest information.,"library,books,reading"
LF0146,Library,Is silence mandatory?,"The Central Library provides books, journals and study resources for students.","library,books,reading"
LF0147,Library,Can faculty issue more books?,Library services are subject to the college library rules and regulations.,"library,books,reading"
LF0148,Library,How do I check book availability?,"You can search by title, author or subject in the library catalogue.","library,books,reading"
LF0149,Library,What books are available for my department?,Please return books on time to avoid overdue fines.,"library,books,reading"
LF0150,Library,Can I use the library during exams?,"The librarian can assist you with borrowing, renewing and locating books.","library,books,reading"
LF0151,Library,Where is the library?,Digital resources may be available through the college library services.,"library,books,reading"
LF0152,Library,How do I search for a book?,Keep your library ID with you when using library facilities.,"library,books,reading"
LF0153,Library,Can I reserve a book?,Please check the library portal or contact the librarian for the latest information.,"library,books,reading"
LF0154,Library,Is there a digital library?,"The Central Library provides books, journals and study resources for students.","library,books,reading"
LF0155,Library,Are previous year papers available?,Library services are subject to the college library rules and regulations.,"library,books,reading"
LF0156,Library,Can I access e-books?,"You can search by title, author or subject in the library catalogue.","library,books,reading"
LF0157,Library,What is the fine for late return?,Please return books on time to avoid overdue fines.,"library,books,reading"
LF0158,Library,Can I use the reading room?,"The librarian can assist you with borrowing, renewing and locating books.","library,books,reading"
LF0159,Library,Is Wi-Fi available in the library?,Digital resources may be available through the college library services.,"library,books,reading"
LF0160,Library,Can alumni use the library?,Keep your library ID with you when using library facilities.,"library,books,reading"
LF0161,Library,How do I get a library card?,Please check the library portal or contact the librarian for the latest information.,"library,books,reading"
LF0162,Library,What if I lose a book?,"The Central Library provides books, journals and study resources for students.","library,books,reading"
LF0163,Library,What if I lose my library card?,Library services are subject to the college library rules and regulations.,"library,books,reading"
LF0164,Library,Can I bring my own books?,"You can search by title, author or subject in the library catalogue.","library,books,reading"
LF0165,Library,Are group study rooms available?,Please return books on time to avoid overdue fines.,"library,books,reading"
LF0166,Library,Can I print documents?,"The librarian can assist you with borrowing, renewing and locating books.","library,books,reading"
LF0167,Library,How do I access journals?,Digital resources may be available through the college library services.,"library,books,reading"
LF0168,Library,Are newspapers available?,Keep your library ID with you when using library facilities.,"library,books,reading"
LF0169,Library,Can I borrow reference books?,Please check the library portal or contact the librarian for the latest information.,"library,books,reading"
LF0170,Library,What are the library rules?,"The Central Library provides books, journals and study resources for students.","library,books,reading"
LF0171,Library,Can I carry food inside?,Library services are subject to the college library rules and regulations.,"library,books,reading"
LF0172,Library,Are laptops allowed?,"You can search by title, author or subject in the library catalogue.","library,books,reading"
LF0173,Library,How do I recommend a new book?,Please return books on time to avoid overdue fines.,"library,books,reading"
LF0174,Library,Can I access IEEE papers?,"The librarian can assist you with borrowing, renewing and locating books.","library,books,reading"
LF0175,Library,How many renewals are allowed?,Digital resources may be available through the college library services.,"library,books,reading"
LF0176,Library,Is silence mandatory?,Keep your library ID with you when using library facilities.,"library,books,reading"
LF0177,Library,Can faculty issue more books?,Please check the library portal or contact the librarian for the latest information.,"library,books,reading"
LF0178,Library,How do I check book availability?,"The Central Library provides books, journals and study resources for students.","library,books,reading"
LF0179,Library,What books are available for my department?,Library services are subject to the college library rules and regulations.,"library,books,reading"
LF0180,Library,Can I use the library during exams?,"You can search by title, author or subject in the library catalogue.","library,books,reading"
LF0181,Library,Where is the library?,Please return books on time to avoid overdue fines.,"library,books,reading"
LF0182,Library,How do I search for a book?,"The librarian can assist you with borrowing, renewing and locating books.","library,books,reading"
LF0183,Library,Can I reserve a book?,Digital resources may be available through the college library services.,"library,books,reading"
LF0184,Library,Is there a digital library?,Keep your library ID with you when using library facilities.,"library,books,reading"
LF0185,Library,Are previous year papers available?,Please check the library portal or contact the librarian for the latest information.,"library,books,reading"
LF0186,Library,Can I access e-books?,"The Central Library provides books, journals and study resources for students.","library,books,reading"
LF0187,Library,What is the fine for late return?,Library services are subject to the college library rules and regulations.,"library,books,reading"
LF0188,Library,Can I use the reading room?,"You can search by title, author or subject in the library catalogue.","library,books,reading"
LF0189,Library,Is Wi-Fi available in the library?,Please return books on time to avoid overdue fines.,"library,books,reading"
LF0190,Library,Can alumni use the library?,"The librarian can assist you with borrowing, renewing and locating books.","library,books,reading"
LF0191,Library,How do I get a library card?,Digital resources may be available through the college library services.,"library,books,reading"
LF0192,Library,What if I lose a book?,Keep your library ID with you when using library facilities.,"library,books,reading"
LF0193,Library,What if I lose my library card?,Please check the library portal or contact the librarian for the latest information.,"library,books,reading"
LF0194,Library,Can I bring my own books?,"The Central Library provides books, journals and study resources for students.","library,books,reading"
LF0195,Library,Are group study rooms available?,Library services are subject to the college library rules and regulations.,"library,books,reading"
LF0196,Library,Can I print documents?,"You can search by title, author or subject in the library catalogue.","library,books,reading"
LF0197,Library,How do I access journals?,Please return books on time to avoid overdue fines.,"library,books,reading"
LF0198,Library,Are newspapers available?,"The librarian can assist you with borrowing, renewing and locating books.","library,books,reading"
LF0199,Library,Can I borrow reference books?,Digital resources may be available through the college library services.,"library,books,reading"
LF0200,Library,What are the library rules?,Keep your library ID with you when using library facilities.,"library,books,reading"
LF0201,Library,Can I carry food inside?,Please check the library portal or contact the librarian for the latest information.,"library,books,reading"
LF0202,Library,Are laptops allowed?,"The Central Library provides books, journals and study resources for students.","library,books,reading"
LF0203,Library,How do I recommend a new book?,Library services are subject to the college library rules and regulations.,"library,books,reading"
LF0204,Library,Can I access IEEE papers?,"You can search by title, author or subject in the library catalogue.","library,books,reading"
LF0205,Library,How many renewals are allowed?,Please return books on time to avoid overdue fines.,"library,books,reading"
LF0206,Library,Is silence mandatory?,"The librarian can assist you with borrowing, renewing and locating books.","library,books,reading"
LF0207,Library,Can faculty issue more books?,Digital resources may be available through the college library services.,"library,books,reading"
LF0208,Library,How do I check book availability?,Keep your library ID with you when using library facilities.,"library,books,reading"
LF0209,Library,What books are available for my department?,Please check the library portal or contact the librarian for the latest information.,"library,books,reading"
LF0210,Library,Can I use the library during exams?,"The Central Library provides books, journals and study resources for students.","library,books,reading"
LF0211,Library,Where is the library?,Library services are subject to the college library rules and regulations.,"library,books,reading"
LF0212,Library,How do I search for a book?,"You can search by title, author or subject in the library catalogue.","library,books,reading"
LF0213,Library,Can I reserve a book?,Please return books on time to avoid overdue fines.,"library,books,reading"
LF0214,Library,Is there a digital library?,"The librarian can assist you with borrowing, renewing and locating books.","library,books,reading"
LF0215,Library,Are previous year papers available?,Digital resources may be available through the college library services.,"library,books,reading"
LF0216,Library,Can I access e-books?,Keep your library ID with you when using library facilities.,"library,books,reading"
LF0217,Library,What is the fine for late return?,Please check the library portal or contact the librarian for the latest information.,"library,books,reading"
LF0218,Library,Can I use the reading room?,"The Central Library provides books, journals and study resources for students.","library,books,reading"
LF0219,Library,Is Wi-Fi available in the library?,Library services are subject to the college library rules and regulations.,"library,books,reading"
LF0220,Library,Can alumni use the library?,"You can search by title, author or subject in the library catalogue.","library,books,reading"
LF0221,Library,How do I get a library card?,Please return books on time to avoid overdue fines.,"library,books,reading"
LF0222,Library,What if I lose a book?,"The librarian can assist you with borrowing, renewing and locating books.","library,books,reading"
LF0223,Library,What if I lose my library card?,Digital resources may be available through the college library services.,"library,books,reading"
LF0224,Library,Can I bring my own books?,Keep your library ID with you when using library facilities.,"library,books,reading"
LF0225,Library,Are group study rooms available?,Please check the library portal or contact the librarian for the latest information.,"library,books,reading"
LF0226,Library,Can I print documents?,"The Central Library provides books, journals and study resources for students.","library,books,reading"
LF0227,Library,How do I access journals?,Library services are subject to the college library rules and regulations.,"library,books,reading"
LF0228,Library,Are newspapers available?,"You can search by title, author or subject in the library catalogue.","library,books,reading"
LF0229,Library,Can I borrow reference books?,Please return books on time to avoid overdue fines.,"library,books,reading"
LF0230,Library,What are the library rules?,"The librarian can assist you with borrowing, renewing and locating books.","library,books,reading"
LF0231,Library,Can I carry food inside?,Digital resources may be available through the college library services.,"library,books,reading"
LF0232,Library,Are laptops allowed?,Keep your library ID with you when using library facilities.,"library,books,reading"
LF0233,Library,How do I recommend a new book?,Please check the library portal or contact the librarian for the latest information.,"library,books,reading"
LF0234,Library,Can I access IEEE papers?,"The Central Library provides books, journals and study resources for students.","library,books,reading"
LF0235,Library,How many renewals are allowed?,Library services are subject to the college library rules and regulations.,"library,books,reading"
LF0236,Library,Is silence mandatory?,"You can search by title, author or subject in the library catalogue.","library,books,reading"
LF0237,Library,Can faculty issue more books?,Please return books on time to avoid overdue fines.,"library,books,reading"
LF0238,Library,How do I check book availability?,"The librarian can assist you with borrowing, renewing and locating books.","library,books,reading"
LF0239,Library,What books are available for my department?,Digital resources may be available through the college library services.,"library,books,reading"
LF0240,Library,Can I use the library during exams?,Keep your library ID with you when using library facilities.,"library,books,reading"
LF0241,Library,Where is the library?,Please check the library portal or contact the librarian for the latest information.,"library,books,reading"
LF0242,Library,How do I search for a book?,"The Central Library provides books, journals and study resources for students.","library,books,reading"
LF0243,Library,Can I reserve a book?,Library services are subject to the college library rules and regulations.,"library,books,reading"
LF0244,Library,Is there a digital library?,"You can search by title, author or subject in the library catalogue.","library,books,reading"
LF0245,Library,Are previous year papers available?,Please return books on time to avoid overdue fines.,"library,books,reading"
LF0246,Library,Can I access e-books?,"The librarian can assist you with borrowing, renewing and locating books.","library,books,reading"
LF0247,Library,What is the fine for late return?,Digital resources may be available through the college library services.,"library,books,reading"
LF0248,Library,Can I use the reading room?,Keep your library ID with you when using library facilities.,"library,books,reading"
LF0249,Library,Is Wi-Fi available in the library?,Please check the library portal or contact the librarian for the latest information.,"library,books,reading"
LF0250,Library,Can alumni use the library?,"The Central Library provides books, journals and study resources for students.","library,books,reading"
LF0251,Library,How do I get a library card?,Library services are subject to the college library rules and regulations.,"library,books,reading"
LF0252,Library,What if I lose a book?,"You can search by title, author or subject in the library catalogue.","library,books,reading"
LF0253,Library,What if I lose my library card?,Please return books on time to avoid overdue fines.,"library,books,reading"
LF0254,Library,Can I bring my own books?,"The librarian can assist you with borrowing, renewing and locating books.","library,books,reading"
LF0255,Library,Are group study rooms available?,Digital resources may be available through the college library services.,"library,books,reading"
LF0256,Library,Can I print documents?,Keep your library ID with you when using library facilities.,"library,books,reading"
LF0257,Library,How do I access journals?,Please check the library portal or contact the librarian for the latest information.,"library,books,reading"
LF0258,Library,Are newspapers available?,"The Central Library provides books, journals and study resources for students.","library,books,reading"
LF0259,Library,Can I borrow reference books?,Library services are subject to the college library rules and regulations.,"library,books,reading"
LF0260,Library,What are the library rules?,"You can search by title, author or subject in the library catalogue.","library,books,reading"
LF0261,Library,Can I carry food inside?,Please return books on time to avoid overdue fines.,"library,books,reading"
LF0262,Library,Are laptops allowed?,"The librarian can assist you with borrowing, renewing and locating books.","library,books,reading"
LF0263,Library,How do I recommend a new book?,Digital resources may be available through the college library services.,"library,books,reading"
LF0264,Library,Can I access IEEE papers?,Keep your library ID with you when using library facilities.,"library,books,reading"
LF0265,Library,How many renewals are allowed?,Please check the library portal or contact the librarian for the latest information.,"library,books,reading"
LF0266,Library,Is silence mandatory?,"The Central Library provides books, journals and study resources for students.","library,books,reading"
LF0267,Library,Can faculty issue more books?,Library services are subject to the college library rules and regulations.,"library,books,reading"
LF0268,Library,How do I check book availability?,"You can search by title, author or subject in the library catalogue.","library,books,reading"
LF0269,Library,What books are available for my department?,Please return books on time to avoid overdue fines.,"library,books,reading"
LF0270,Library,Can I use the library during exams?,"The librarian can assist you with borrowing, renewing and locating books.","library,books,reading"
LF0271,Library,Where is the library?,Digital resources may be available through the college library services.,"library,books,reading"
LF0272,Library,How do I search for a book?,Keep your library ID with you when using library facilities.,"library,books,reading"
LF0273,Library,Can I reserve a book?,Please check the library portal or contact the librarian for the latest information.,"library,books,reading"
LF0274,Library,Is there a digital library?,"The Central Library provides books, journals and study resources for students.","library,books,reading"
LF0275,Library,Are previous year papers available?,Library services are subject to the college library rules and regulations.,"library,books,reading"
LF0276,Library,Can I access e-books?,"You can search by title, author or subject in the library catalogue.","library,books,reading"
LF0277,Library,What is the fine for late return?,Please return books on time to avoid overdue fines.,"library,books,reading"
LF0278,Library,Can I use the reading room?,"The librarian can assist you with borrowing, renewing and locating books.","library,books,reading"
LF0279,Library,Is Wi-Fi available in the library?,Digital resources may be available through the college library services.,"library,books,reading"
LF0280,Library,Can alumni use the library?,Keep your library ID with you when using library facilities.,"library,books,reading"
LF0281,Library,How do I get a library card?,Please check the library portal or contact the librarian for the latest information.,"library,books,reading"
LF0282,Library,What if I lose a book?,"The Central Library provides books, journals and study resources for students.","library,books,reading"
LF0283,Library,What if I lose my library card?,Library services are subject to the college library rules and regulations.,"library,books,reading"
LF0284,Library,Can I bring my own books?,"You can search by title, author or subject in the library catalogue.","library,books,reading"
LF0285,Library,Are group study rooms available?,Please return books on time to avoid overdue fines.,"library,books,reading"
LF0286,Library,Can I print documents?,"The librarian can assist you with borrowing, renewing and locating books.","library,books,reading"
LF0287,Library,How do I access journals?,Digital resources may be available through the college library services.,"library,books,reading"
LF0288,Library,Are newspapers available?,Keep your library ID with you when using library facilities.,"library,books,reading"
LF0289,Library,Can I borrow reference books?,Please check the library portal or contact the librarian for the latest information.,"library,books,reading"
LF0290,Library,What are the library rules?,"The Central Library provides books, journals and study resources for students.","library,books,reading"
LF0291,Library,Can I carry food inside?,Library services are subject to the college library rules and regulations.,"library,books,reading"
LF0292,Library,Are laptops allowed?,"You can search by title, author or subject in the library catalogue.","library,books,reading"
LF0293,Library,How do I recommend a new book?,Please return books on time to avoid overdue fines.,"library,books,reading"
LF0294,Library,Can I access IEEE papers?,"The librarian can assist you with borrowing, renewing and locating books.","library,books,reading"
LF0295,Library,How many renewals are allowed?,Digital resources may be available through the college library services.,"library,books,reading"
LF0296,Library,Is silence mandatory?,Keep your library ID with you when using library facilities.,"library,books,reading"
LF0297,Library,Can faculty issue more books?,Please check the library portal or contact the librarian for the latest information.,"library,books,reading"
LF0298,Library,How do I check book availability?,"The Central Library provides books, journals and study resources for students.","library,books,reading"
LF0299,Library,What books are available for my department?,Library services are subject to the college library rules and regulations.,"library,books,reading"
LF0300,Library,Can I use the library during exams?,"You can search by title, author or subject in the library catalogue.","library,books,reading"
LF0301,Library,Where is the library?,Please return books on time to avoid overdue fines.,"library,books,reading"
LF0302,Library,How do I search for a book?,"The librarian can assist you with borrowing, renewing and locating books.","library,books,reading"
LF0303,Library,Can I reserve a book?,Digital resources may be available through the college library services.,"library,books,reading"
LF0304,Library,Is there a digital library?,Keep your library ID with you when using library facilities.,"library,books,reading"
LF0305,Library,Are previous year papers available?,Please check the library portal or contact the librarian for the latest information.,"library,books,reading"
LF0306,Library,Can I access e-books?,"The Central Library provides books, journals and study resources for students.","library,books,reading"
LF0307,Library,What is the fine for late return?,Library services are subject to the college library rules and regulations.,"library,books,reading"
LF0308,Library,Can I use the reading room?,"You can search by title, author or subject in the library catalogue.","library,books,reading"
LF0309,Library,Is Wi-Fi available in the library?,Please return books on time to avoid overdue fines.,"library,books,reading"
LF0310,Library,Can alumni use the library?,"The librarian can assist you with borrowing, renewing and locating books.","library,books,reading"
LF0311,Library,How do I get a library card?,Digital resources may be available through the college library services.,"library,books,reading"
LF0312,Library,What if I lose a book?,Keep your library ID with you when using library facilities.,"library,books,reading"
LF0313,Library,What if I lose my library card?,Please check the library portal or contact the librarian for the latest information.,"library,books,reading"
LF0314,Library,Can I bring my own books?,"The Central Library provides books, journals and study resources for students.","library,books,reading"
LF0315,Library,Are group study rooms available?,Library services are subject to the college library rules and regulations.,"library,books,reading"
LF0316,Library,Can I print documents?,"You can search by title, author or subject in the library catalogue.","library,books,reading"
LF0317,Library,How do I access journals?,Please return books on time to avoid overdue fines.,"library,books,reading"
LF0318,Library,Are newspapers available?,"The librarian can assist you with borrowing, renewing and locating books.","library,books,reading"
LF0319,Library,Can I borrow reference books?,Digital resources may be available through the college library services.,"library,books,reading"
LF0320,Library,What are the library rules?,Keep your library ID with you when using library facilities.,"library,books,reading"
LF0321,Library,Can I carry food inside?,Please check the library portal or contact the librarian for the latest information.,"library,books,reading"
LF0322,Library,Are laptops allowed?,"The Central Library provides books, journals and study resources for students.","library,books,reading"
LF0323,Library,How do I recommend a new book?,Library services are subject to the college library rules and regulations.,"library,books,reading"
LF0324,Library,Can I access IEEE papers?,"You can search by title, author or subject in the library catalogue.","library,books,reading"
LF0325,Library,How many renewals are allowed?,Please return books on time to avoid overdue fines.,"library,books,reading"
LF0326,Library,Is silence mandatory?,"The librarian can assist you with borrowing, renewing and locating books.","library,books,reading"
LF0327,Library,Can faculty issue more books?,Digital resources may be available through the college library services.,"library,books,reading"
LF0328,Library,How do I check book availability?,Keep your library ID with you when using library facilities.,"library,books,reading"
LF0329,Library,What books are available for my department?,Please check the library portal or contact the librarian for the latest information.,"library,books,reading"
LF0330,Library,Can I use the library during exams?,"The Central Library provides books, journals and study resources for students.","library,books,reading"
LF0331,Library,Where is the library?,Library services are subject to the college library rules and regulations.,"library,books,reading"
LF0332,Library,How do I search for a book?,"You can search by title, author or subject in the library catalogue.","library,books,reading"
LF0333,Library,Can I reserve a book?,Please return books on time to avoid overdue fines.,"library,books,reading"
LF0334,Library,Is there a digital library?,"The librarian can assist you with borrowing, renewing and locating books.","library,books,reading"
LF0335,Library,Are previous year papers available?,Digital resources may be available through the college library services.,"library,books,reading"
LF0336,Library,Can I access e-books?,Keep your library ID with you when using library facilities.,"library,books,reading"
LF0337,Library,What is the fine for late return?,Please check the library portal or contact the librarian for the latest information.,"library,books,reading"
LF0338,Library,Can I use the reading room?,"The Central Library provides books, journals and study resources for students.","library,books,reading"
LF0339,Library,Is Wi-Fi available in the library?,Library services are subject to the college library rules and regulations.,"library,books,reading"
LF0340,Library,Can alumni use the library?,"You can search by title, author or subject in the library catalogue.","library,books,reading"
LF0341,Library,How do I get a library card?,Please return books on time to avoid overdue fines.,"library,books,reading"
LF0342,Library,What if I lose a book?,"The librarian can assist you with borrowing, renewing and locating books.","library,books,reading"
LF0343,Library,What if I lose my library card?,Digital resources may be available through the college library services.,"library,books,reading"
LF0344,Library,Can I bring my own books?,Keep your library ID with you when using library facilities.,"library,books,reading"
LF0345,Library,Are group study rooms available?,Please check the library portal or contact the librarian for the latest information.,"library,books,reading"
LF0346,Library,Can I print documents?,"The Central Library provides books, journals and study resources for students.","library,books,reading"
LF0347,Library,How do I access journals?,Library services are subject to the college library rules and regulations.,"library,books,reading"
LF0348,Library,Are newspapers available?,"You can search by title, author or subject in the library catalogue.","library,books,reading"
LF0349,Library,Can I borrow reference books?,Please return books on time to avoid overdue fines.,"library,books,reading"
LF0350,Library,What are the library rules?,"The librarian can assist you with borrowing, renewing and locating books.","library,books,reading"
LF0351,Library,Can I carry food inside?,Digital resources may be available through the college library services.,"library,books,reading"
LF0352,Library,Are laptops allowed?,Keep your library ID with you when using library facilities.,"library,books,reading"
LF0353,Library,How do I recommend a new book?,Please check the library portal or contact the librarian for the latest information.,"library,books,reading"
LF0354,Library,Can I access IEEE papers?,"The Central Library provides books, journals and study resources for students.","library,books,reading"
LF0355,Library,How many renewals are allowed?,Library services are subject to the college library rules and regulations.,"library,books,reading"
LF0356,Library,Is silence mandatory?,"You can search by title, author or subject in the library catalogue.","library,books,reading"
LF0357,Library,Can faculty issue more books?,Please return books on time to avoid overdue fines.,"library,books,reading"
LF0358,Library,How do I check book availability?,"The librarian can assist you with borrowing, renewing and locating books.","library,books,reading"
LF0359,Library,What books are available for my department?,Digital resources may be available through the college library services.,"library,books,reading"
LF0360,Library,Can I use the library during exams?,Keep your library ID with you when using library facilities.,"library,books,reading"
LF0361,Library,Where is the library?,Please check the library portal or contact the librarian for the latest information.,"library,books,reading"
LF0362,Library,How do I search for a book?,"The Central Library provides books, journals and study resources for students.","library,books,reading"
LF0363,Library,Can I reserve a book?,Library services are subject to the college library rules and regulations.,"library,books,reading"
LF0364,Library,Is there a digital library?,"You can search by title, author or subject in the library catalogue.","library,books,reading"
LF0365,Library,Are previous year papers available?,Please return books on time to avoid overdue fines.,"library,books,reading"
LF0366,Library,Can I access e-books?,"The librarian can assist you with borrowing, renewing and locating books.","library,books,reading"
LF0367,Library,What is the fine for late return?,Digital resources may be available through the college library services.,"library,books,reading"
LF0368,Library,Can I use the reading room?,Keep your library ID with you when using library facilities.,"library,books,reading"
LF0369,Library,Is Wi-Fi available in the library?,Please check the library portal or contact the librarian for the latest information.,"library,books,reading"
LF0370,Library,Can alumni use the library?,"The Central Library provides books, journals and study resources for students.","library,books,reading"
LF0371,Library,How do I get a library card?,Library services are subject to the college library rules and regulations.,"library,books,reading"
LF0372,Library,What if I lose a book?,"You can search by title, author or subject in the library catalogue.","library,books,reading"
LF0373,Library,What if I lose my library card?,Please return books on time to avoid overdue fines.,"library,books,reading"
LF0374,Library,Can I bring my own books?,"The librarian can assist you with borrowing, renewing and locating books.","library,books,reading"
LF0375,Library,Are group study rooms available?,Digital resources may be available through the college library services.,"library,books,reading"
LF0376,Library,Can I print documents?,Keep your library ID with you when using library facilities.,"library,books,reading"
LF0377,Library,How do I access journals?,Please check the library portal or contact the librarian for the latest information.,"library,books,reading"
LF0378,Library,Are newspapers available?,"The Central Library provides books, journals and study resources for students.","library,books,reading"
LF0379,Library,Can I borrow reference books?,Library services are subject to the college library rules and regulations.,"library,books,reading"
LF0380,Library,What are the library rules?,"You can search by title, author or subject in the library catalogue.","library,books,reading"
LF0381,Library,Can I carry food inside?,Please return books on time to avoid overdue fines.,"library,books,reading"
LF0382,Library,Are laptops allowed?,"The librarian can assist you with borrowing, renewing and locating books.","library,books,reading"
LF0383,Library,How do I recommend a new book?,Digital resources may be available through the college library services.,"library,books,reading"
LF0384,Library,Can I access IEEE papers?,Keep your library ID with you when using library facilities.,"library,books,reading"
LF0385,Library,How many renewals are allowed?,Please check the library portal or contact the librarian for the latest information.,"library,books,reading"
LF0386,Library,Is silence mandatory?,"The Central Library provides books, journals and study resources for students.","library,books,reading"
LF0387,Library,Can faculty issue more books?,Library services are subject to the college library rules and regulations.,"library,books,reading"
LF0388,Library,How do I check book availability?,"You can search by title, author or subject in the library catalogue.","library,books,reading"
LF0389,Library,What books are available for my department?,Please return books on time to avoid overdue fines.,"library,books,reading"
LF0390,Library,Can I use the library during exams?,"The librarian can assist you with borrowing, renewing and locating books.","library,books,reading"
LF0391,Library,Where is the library?,Digital resources may be available through the college library services.,"library,books,reading"
LF0392,Library,How do I search for a book?,Keep your library ID with you when using library facilities.,"library,books,reading"
LF0393,Library,Can I reserve a book?,Please check the library portal or contact the librarian for the latest information.,"library,books,reading"
LF0394,Library,Is there a digital library?,"The Central Library provides books, journals and study resources for students.","library,books,reading"
LF0395,Library,Are previous year papers available?,Library services are subject to the college library rules and regulations.,"library,books,reading"
LF0396,Library,Can I access e-books?,"You can search by title, author or subject in the library catalogue.","library,books,reading"
LF0397,Library,What is the fine for late return?,Please return books on time to avoid overdue fines.,"library,books,reading"
LF0398,Library,Can I use the reading room?,"The librarian can assist you with borrowing, renewing and locating books.","library,books,reading"
LF0399,Library,Is Wi-Fi available in the library?,Digital resources may be available through the college library services.,"library,books,reading"
LF0400,Library,Can alumni use the library?,Keep your library ID with you when using library facilities.,"library,books,reading"
LF0401,Library,How do I get a library card?,Please check the library portal or contact the librarian for the latest information.,"library,books,reading"
LF0402,Library,What if I lose a book?,"The Central Library provides books, journals and study resources for students.","library,books,reading"
LF0403,Library,What if I lose my library card?,Library services are subject to the college library rules and regulations.,"library,books,reading"
LF0404,Library,Can I bring my own books?,"You can search by title, author or subject in the library catalogue.","library,books,reading"
LF0405,Library,Are group study rooms available?,Please return books on time to avoid overdue fines.,"library,books,reading"
LF0406,Library,Can I print documents?,"The librarian can assist you with borrowing, renewing and locating books.","library,books,reading"
LF0407,Library,How do I access journals?,Digital resources may be available through the college library services.,"library,books,reading"
LF0408,Library,Are newspapers available?,Keep your library ID with you when using library facilities.,"library,books,reading"
LF0409,Library,Can I borrow reference books?,Please check the library portal or contact the librarian for the latest information.,"library,books,reading"
LF0410,Library,What are the library rules?,"The Central Library provides books, journals and study resources for students.","library,books,reading"
LF0411,Library,Can I carry food inside?,Library services are subject to the college library rules and regulations.,"library,books,reading"
LF0412,Library,Are laptops allowed?,"You can search by title, author or subject in the library catalogue.","library,books,reading"
LF0413,Library,How do I recommend a new book?,Please return books on time to avoid overdue fines.,"library,books,reading"
LF0414,Library,Can I access IEEE papers?,"The librarian can assist you with borrowing, renewing and locating books.","library,books,reading"
LF0415,Library,How many renewals are allowed?,Digital resources may be available through the college library services.,"library,books,reading"
LF0416,Library,Is silence mandatory?,Keep your library ID with you when using library facilities.,"library,books,reading"
LF0417,Library,Can faculty issue more books?,Please check the library portal or contact the librarian for the latest information.,"library,books,reading"
LF0418,Library,How do I check book availability?,"The Central Library provides books, journals and study resources for students.","library,books,reading"
LF0419,Library,What books are available for my department?,Library services are subject to the college library rules and regulations.,"library,books,reading"
LF0420,Library,Can I use the library during exams?,"You can search by title, author or subject in the library catalogue.","library,books,reading"
LF0421,Library,Where is the library?,Please return books on time to avoid overdue fines.,"library,books,reading"
LF0422,Library,How do I search for a book?,"The librarian can assist you with borrowing, renewing and locating books.","library,books,reading"
LF0423,Library,Can I reserve a book?,Digital resources may be available through the college library services.,"library,books,reading"
LF0424,Library,Is there a digital library?,Keep your library ID with you when using library facilities.,"library,books,reading"
LF0425,Library,Are previous year papers available?,Please check the library portal or contact the librarian for the latest information.,"library,books,reading"
LF0426,Library,Can I access e-books?,"The Central Library provides books, journals and study resources for students.","library,books,reading"
LF0427,Library,What is the fine for late return?,Library services are subject to the college library rules and regulations.,"library,books,reading"
LF0428,Library,Can I use the reading room?,"You can search by title, author or subject in the library catalogue.","library,books,reading"
LF0429,Library,Is Wi-Fi available in the library?,Please return books on time to avoid overdue fines.,"library,books,reading"
LF0430,Library,Can alumni use the library?,"The librarian can assist you with borrowing, renewing and locating books.","library,books,reading"
LF0431,Library,How do I get a library card?,Digital resources may be available through the college library services.,"library,books,reading"
LF0432,Library,What if I lose a book?,Keep your library ID with you when using library facilities.,"library,books,reading"
LF0433,Library,What if I lose my library card?,Please check the library portal or contact the librarian for the latest information.,"library,books,reading"
LF0434,Library,Can I bring my own books?,"The Central Library provides books, journals and study resources for students.","library,books,reading"
LF0435,Library,Are group study rooms available?,Library services are subject to the college library rules and regulations.,"library,books,reading"
LF0436,Library,Can I print documents?,"You can search by title, author or subject in the library catalogue.","library,books,reading"
LF0437,Library,How do I access journals?,Please return books on time to avoid overdue fines.,"library,books,reading"
LF0438,Library,Are newspapers available?,"The librarian can assist you with borrowing, renewing and locating books.","library,books,reading"
LF0439,Library,Can I borrow reference books?,Digital resources may be available through the college library services.,"library,books,reading"
LF0440,Library,What are the library rules?,Keep your library ID with you when using library facilities.,"library,books,reading"
LF0441,Library,Can I carry food inside?,Please check the library portal or contact the librarian for the latest information.,"library,books,reading"
LF0442,Library,Are laptops allowed?,"The Central Library provides books, journals and study resources for students.","library,books,reading"
LF0443,Library,How do I recommend a new book?,Library services are subject to the college library rules and regulations.,"library,books,reading"
LF0444,Library,Can I access IEEE papers?,"You can search by title, author or subject in the library catalogue.","library,books,reading"
LF0445,Library,How many renewals are allowed?,Please return books on time to avoid overdue fines.,"library,books,reading"
LF0446,Library,Is silence mandatory?,"The librarian can assist you with borrowing, renewing and locating books.","library,books,reading"
LF0447,Library,Can faculty issue more books?,Digital resources may be available through the college library services.,"library,books,reading"
LF0448,Library,How do I check book availability?,Keep your library ID with you when using library facilities.,"library,books,reading"
LF0449,Library,What books are available for my department?,Please check the library portal or contact the librarian for the latest information.,"library,books,reading"
LF0450,Library,Can I use the library during exams?,"The Central Library provides books, journals and study resources for students.","library,books,reading"
LF0451,Library,Where is the library?,Library services are subject to the college library rules and regulations.,"library,books,reading"
LF0452,Library,How do I search for a book?,"You can search by title, author or subject in the library catalogue.","library,books,reading"
LF0453,Library,Can I reserve a book?,Please return books on time to avoid overdue fines.,"library,books,reading"
LF0454,Library,Is there a digital library?,"The librarian can assist you with borrowing, renewing and locating books.","library,books,reading"
LF0455,Library,Are previous year papers available?,Digital resources may be available through the college library services.,"library,books,reading"
LF0456,Library,Can I access e-books?,Keep your library ID with you when using library facilities.,"library,books,reading"
LF0457,Library,What is the fine for late return?,Please check the library portal or contact the librarian for the latest information.,"library,books,reading"
LF0458,Library,Can I use the reading room?,"The Central Library provides books, journals and study resources for students.","library,books,reading"
LF0459,Library,Is Wi-Fi available in the library?,Library services are subject to the college library rules and regulations.,"library,books,reading"
LF0460,Library,Can alumni use the library?,"You can search by title, author or subject in the library catalogue.","library,books,reading"
LF0461,Library,How do I get a library card?,Please return books on time to avoid overdue fines.,"library,books,reading"
LF0462,Library,What if I lose a book?,"The librarian can assist you with borrowing, renewing and locating books.","library,books,reading"
LF0463,Library,What if I lose my library card?,Digital resources may be available through the college library services.,"library,books,reading"
LF0464,Library,Can I bring my own books?,Keep your library ID with you when using library facilities.,"library,books,reading"
LF0465,Library,Are group study rooms available?,Please check the library portal or contact the librarian for the latest information.,"library,books,reading"
LF0466,Library,Can I print documents?,"The Central Library provides books, journals and study resources for students.","library,books,reading"
LF0467,Library,How do I access journals?,Library services are subject to the college library rules and regulations.,"library,books,reading"
LF0468,Library,Are newspapers available?,"You can search by title, author or subject in the library catalogue.","library,books,reading"
LF0469,Library,Can I borrow reference books?,Please return books on time to avoid overdue fines.,"library,books,reading"
LF0470,Library,What are the library rules?,"The librarian can assist you with borrowing, renewing and locating books.","library,books,reading"
LF0471,Library,Can I carry food inside?,Digital resources may be available through the college library services.,"library,books,reading"
LF0472,Library,Are laptops allowed?,Keep your library ID with you when using library facilities.,"library,books,reading"
LF0473,Library,How do I recommend a new book?,Please check the library portal or contact the librarian for the latest information.,"library,books,reading"
LF0474,Library,Can I access IEEE papers?,"The Central Library provides books, journals and study resources for students.","library,books,reading"
LF0475,Library,How many renewals are allowed?,Library services are subject to the college library rules and regulations.,"library,books,reading"
LF0476,Library,Is silence mandatory?,"You can search by title, author or subject in the library catalogue.","library,books,reading"
LF0477,Library,Can faculty issue more books?,Please return books on time to avoid overdue fines.,"library,books,reading"
LF0478,Library,How do I check book availability?,"The librarian can assist you with borrowing, renewing and locating books.","library,books,reading"
LF0479,Library,What books are available for my department?,Digital resources may be available through the college library services.,"library,books,reading"
LF0480,Library,Can I use the library during exams?,Keep your library ID with you when using library facilities.,"library,books,reading"
LF0481,Library,Where is the library?,Please check the library portal or contact the librarian for the latest information.,"library,books,reading"
LF0482,Library,How do I search for a book?,"The Central Library provides books, journals and study resources for students.","library,books,reading"
LF0483,Library,Can I reserve a book?,Library services are subject to the college library rules and regulations.,"library,books,reading"
LF0484,Library,Is there a digital library?,"You can search by title, author or subject in the library catalogue.","library,books,reading"
LF0485,Library,Are previous year papers available?,Please return books on time to avoid overdue fines.,"library,books,reading"
LF0486,Library,Can I access e-books?,"The librarian can assist you with borrowing, renewing and locating books.","library,books,reading"
LF0487,Library,What is the fine for late return?,Digital resources may be available through the college library services.,"library,books,reading"
LF0488,Library,Can I use the reading room?,Keep your library ID with you when using library facilities.,"library,books,reading"
LF0489,Library,Is Wi-Fi available in the library?,Please check the library portal or contact the librarian for the latest information.,"library,books,reading"
LF0490,Library,Can alumni use the library?,"The Central Library provides books, journals and study resources for students.","library,books,reading"
LF0491,Library,How do I get a library card?,Library services are subject to the college library rules and regulations.,"library,books,reading"
LF0492,Library,What if I lose a book?,"You can search by title, author or subject in the library catalogue.","library,books,reading"
LF0493,Library,What if I lose my library card?,Please return books on time to avoid overdue fines.,"library,books,reading"
LF0494,Library,Can I bring my own books?,"The librarian can assist you with borrowing, renewing and locating books.","library,books,reading"
LF0495,Library,Are group study rooms available?,Digital resources may be available through the college library services.,"library,books,reading"
LF0496,Library,Can I print documents?,Keep your library ID with you when using library facilities.,"library,books,reading"
LF0497,Library,How do I access journals?,Please check the library portal or contact the librarian for the latest information.,"library,books,reading"
LF0498,Library,Are newspapers available?,"The Central Library provides books, journals and study resources for students.","library,books,reading"
LF0499,Library,Can I borrow reference books?,Library services are subject to the college library rules and regulations.,"library,books,reading"
LF0500,Library,What are the library rules?,"You can search by title, author or subject in the library catalogue.","library,books,reading"
